old_label,final_label,changed,source
!,!,False,unchanged
! A VOIR,! a voir,True,auto-syntax
! A voir,! a voir,True,auto-syntax
! G,! g,True,auto-syntax
! N 120 sec,! n 120 sec,True,auto-syntax
! N 200 sec,! n 200 sec,True,auto-syntax
! N 220 sec,! n 220 sec,True,auto-syntax
! N 240 sec,! n 240 sec,True,auto-syntax
! at de mal 30 minutes,! at de mal 30 minutes,False,unchanged
! centro post,! centro post,False,unchanged
! des lentes médianes,! des lentes médianes,False,unchanged
! des lentes rythmiques,! des lentes rythmiques,False,unchanged
! n HPN,! n hpn,True,auto-syntax
! plutot postérieur!,! plutot postérieur!,False,unchanged
! revultion des yeux,! revultion des yeux,False,unchanged
! st HPN 40 sec,! st hpn 40 sec,True,auto-syntax
! st HPN 60 sec,! st hpn 60 sec,True,auto-syntax
! urmillements aux bras,! urmillements aux bras,False,unchanged
!!,!,True,auto-syntax
!!!,!,True,auto-syntax
!!!!,!,True,auto-syntax
!!!VOIR pointes temporales droites !!!!!,!voir pointes temporales droites!,True,auto-syntax
!*,!,True,auto-syntax
!:,!:,False,unchanged
!VOIR TEMPORAL D!,!voir temporal d!,True,auto-syntax
""" voilà voilà""",""" voilà voilà""",False,unchanged
"""Oui"" oral et de la tête","""oui"" oral et de la tête",True,auto-syntax
"""absence""","""absence""",False,unchanged
"""c'est en train de monter""","""c'est en train de monter""",False,unchanged
"""ca descend""= atténuation de sensation","""ca descend""= atténuation de sensation",False,unchanged
"""ca monte""=majoration intensi chaleur","""ca monte""=majoration intensi chaleur",False,unchanged
"""ca vient au niveau des mains""","""ca vient au niveau des mains""",False,unchanged
"""court ronflement""","""court ronflement""",False,unchanged
"""grandes crises"" d'avant","""grandes crises"" d'avant",False,unchanged
"""oui"" inadapté","""oui"" inadapté",False,unchanged
"""retiens le mot bateau""","""retiens le mot bateau""",False,unchanged
"""revulsion oculaire""","""revulsion oculaire""",False,unchanged
"""voilà voilà","""voilà voilà",False,unchanged
"""voilà voilà""","""voilà voilà""",False,unchanged
"""voilà""","""voilà""",False,unchanged
%éveil,%éveil,False,unchanged
&#776;P,776;p,True,auto-syntax
&#956;,956;,True,auto-syntax
&#956;éveil,956;éveil,True,auto-syntax
',',False,unchanged
(P4) T6 et O2?,(p4) t6 et o2?,True,auto-syntax
(erreur d'annotation?),(erreur d'annotation?),False,unchanged
(par la mère) sursaut pied droit,(par la mère) sursaut pied droit,False,unchanged
*,,True,auto-syntax
* *, ,True,auto-syntax
* * * Part 1 * * *, part 1 ,True,auto-syntax
* * * Part 10 * * *, part 10 ,True,auto-syntax
* * * Part 11 * * *, part 11 ,True,auto-syntax
* * * Part 12 * * *, part 12 ,True,auto-syntax
* * * Part 13 * * *, part 13 ,True,auto-syntax
* * * Part 14 * * *, part 14 ,True,auto-syntax
* * * Part 15 * * *, part 15 ,True,auto-syntax
* * * Part 16 * * *, part 16 ,True,auto-syntax
* * * Part 17 * * *, part 17 ,True,auto-syntax
* * * Part 18 * * *, part 18 ,True,auto-syntax
* * * Part 19 * * *, part 19 ,True,auto-syntax
* * * Part 2 * * *, part 2 ,True,auto-syntax
* * * Part 20 * * *, part 20 ,True,auto-syntax
* * * Part 21 * * *, part 21 ,True,auto-syntax
* * * Part 22 * * *, part 22 ,True,auto-syntax
* * * Part 23 * * *, part 23 ,True,auto-syntax
* * * Part 24 * * *, part 24 ,True,auto-syntax
* * * Part 25 * * *, part 25 ,True,auto-syntax
* * * Part 26 * * *, part 26 ,True,auto-syntax
* * * Part 27 * * *, part 27 ,True,auto-syntax
* * * Part 28 * * *, part 28 ,True,auto-syntax
* * * Part 29 * * *, part 29 ,True,auto-syntax
* * * Part 3 * * *, part 3 ,True,auto-syntax
* * * Part 30 * * *, part 30 ,True,auto-syntax
* * * Part 31 * * *, part 31 ,True,auto-syntax
* * * Part 32 * * *, part 32 ,True,auto-syntax
* * * Part 33 * * *, part 33 ,True,auto-syntax
* * * Part 34 * * *, part 34 ,True,auto-syntax
* * * Part 35 * * *, part 35 ,True,auto-syntax
* * * Part 36 * * *, part 36 ,True,auto-syntax
* * * Part 37 * * *, part 37 ,True,auto-syntax
* * * Part 38 * * *, part 38 ,True,auto-syntax
* * * Part 39 * * *, part 39 ,True,auto-syntax
* * * Part 4 * * *, part 4 ,True,auto-syntax
* * * Part 40 * * *, part 40 ,True,auto-syntax
* * * Part 41 * * *, part 41 ,True,auto-syntax
* * * Part 42 * * *, part 42 ,True,auto-syntax
* * * Part 43 * * *, part 43 ,True,auto-syntax
* * * Part 44 * * *, part 44 ,True,auto-syntax
* * * Part 45 * * *, part 45 ,True,auto-syntax
* * * Part 46 * * *, part 46 ,True,auto-syntax
* * * Part 47 * * *, part 47 ,True,auto-syntax
* * * Part 48 * * *, part 48 ,True,auto-syntax
* * * Part 49 * * *, part 49 ,True,auto-syntax
* * * Part 5 * * *, part 5 ,True,auto-syntax
* * * Part 50 * * *, part 50 ,True,auto-syntax
* * * Part 51 * * *, part 51 ,True,auto-syntax
* * * Part 52 * * *, part 52 ,True,auto-syntax
* * * Part 53 * * *, part 53 ,True,auto-syntax
* * * Part 54 * * *, part 54 ,True,auto-syntax
* * * Part 55 * * *, part 55 ,True,auto-syntax
* * * Part 56 * * *, part 56 ,True,auto-syntax
* * * Part 57 * * *, part 57 ,True,auto-syntax
* * * Part 58 * * *, part 58 ,True,auto-syntax
* * * Part 59 * * *, part 59 ,True,auto-syntax
* * * Part 6 * * *, part 6 ,True,auto-syntax
* * * Part 60 * * *, part 60 ,True,auto-syntax
* * * Part 61 * * *, part 61 ,True,auto-syntax
* * * Part 62 * * *, part 62 ,True,auto-syntax
* * * Part 63 * * *, part 63 ,True,auto-syntax
* * * Part 64 * * *, part 64 ,True,auto-syntax
* * * Part 65 * * *, part 65 ,True,auto-syntax
* * * Part 66 * * *, part 66 ,True,auto-syntax
* * * Part 67 * * *, part 67 ,True,auto-syntax
* * * Part 68 * * *, part 68 ,True,auto-syntax
* * * Part 69 * * *, part 69 ,True,auto-syntax
* * * Part 7 * * *, part 7 ,True,auto-syntax
* * * Part 70 * * *, part 70 ,True,auto-syntax
* * * Part 71 * * *, part 71 ,True,auto-syntax
* * * Part 8 * * *, part 8 ,True,auto-syntax
* * * Part 9 * * *, part 9 ,True,auto-syntax
* F10, f10,True,auto-syntax
* Fp1???, fp1?,True,auto-syntax
* G uche, g uche,True,auto-syntax
* N 280 sec, n 280 sec,True,auto-syntax
* PRENDRE ICI, prendre ici,True,auto-syntax
* anomalies prédominent à droite, anomalies prédominent à droite,True,auto-syntax
* arme 3, arme 3,True,auto-syntax
* asme, asme,True,auto-syntax
* charge infra clinique, charge infra clinique,True,auto-syntax
* crispe t à crier, crispe t à crier,True,auto-syntax
* crispe t à crier banyl abdo, crispe t à crier banyl abdo,True,auto-syntax
* fp1 f3, fp1 f3,True,auto-syntax
* fronto temporal G, fronto temporal g,True,auto-syntax
* i, i,True,auto-syntax
* ise?, ise?,True,auto-syntax
* mplexe K, mplexe k,True,auto-syntax
* omalies, omalies,True,auto-syntax
* omalis?, omalis?,True,auto-syntax
* p C3 P3, p c3 p3,True,auto-syntax
* pas, pas,True,auto-syntax
* perndre ici, perndre ici,True,auto-syntax
* rsaut, rsaut,True,auto-syntax
* se?, se?,True,auto-syntax
* sommeil, sommeil,True,auto-syntax
* st HPN 20 sec, st hpn 20 sec,True,auto-syntax
* st lumière => myclonies des ms, st lumière => myclonies des ms,True,auto-syntax
* tefact?, tefact?,True,auto-syntax
* veil, veil,True,auto-syntax
* vertex???, vertex?,True,auto-syntax
* voir +, voir +,True,auto-syntax
* voir C4P4, voir c4p4,True,auto-syntax
* voir F7, voir f7,True,auto-syntax
* voir O1, voir o1,True,auto-syntax
* voir P3, voir p3,True,auto-syntax
* voir droite, voir droite,True,auto-syntax
* voir frontal gauche et ligne mediane, voir frontal gauche et ligne mediane,True,auto-syntax
* voir fronto temporal G, voir fronto temporal g,True,auto-syntax
* voir temporal post G, voir temporal post g,True,auto-syntax
**,,True,auto-syntax
***,,True,auto-syntax
*** voir, voir,True,auto-syntax
****,,True,auto-syntax
*****,,True,auto-syntax
***???,?,True,auto-syntax
***G>D,g>d,True,auto-syntax
***POST?,post?,True,auto-syntax
***pointes vertex ou centro pariétale??,pointes vertex ou centro pariétale?,True,auto-syntax
*-, ,True,auto-syntax
*/,/,True,auto-syntax
*?,?,True,auto-syntax
*OL prédominent à D,ol prédominent à d,True,auto-syntax
*pd,pd,True,auto-syntax
*éléments lents Cz ?,éléments lents cz?,True,auto-syntax
+,+,False,unchanged
+ aigu,+ aigu,False,unchanged
+ aigu en antérieur droit,+ aigu en antérieur droit,False,unchanged
+ aigu sur O1,+ aigu sur o1,True,auto-syntax
+ aigu à D,+ aigu à d,True,auto-syntax
+ aigu à D?,+ aigu à d?,True,auto-syntax
+ ample sur O1,+ ample sur o1,True,auto-syntax
+ ample temp g ?,+ ample temp g?,True,auto-syntax
+ ample?,+ ample?,False,unchanged
+ lent,+ lent,False,unchanged
+ lent G,+ lent g,True,auto-syntax
+ lent ant D et ligne med-->,+ lent ant d et ligne med >,True,auto-syntax
+ lent en temporal gauche,+ lent en temporal gauche,False,unchanged
+ lent globalement à droite et PO diffu,+ lent globalement à droite et po diffu,True,auto-syntax
+ lent ligne med et tem G?,+ lent ligne med et tem g?,True,auto-syntax
+ lent temporal D?,+ lent temporal d?,True,auto-syntax
+ lent à G,+ lent à g,True,auto-syntax
+ lent à droite,+ lent à droite,False,unchanged
+ lent à droite???,+ lent à droite?,True,auto-syntax
+ marqué à D?,+ marqué à d?,True,auto-syntax
+ marqué à G,+ marqué à g,True,auto-syntax
+ marqué à G?,+ marqué à g?,True,auto-syntax
+ sur le dessus des 2 mains re le corps,+ sur le dessus des 2 mains re le corps,False,unchanged
+ ébauche élévation MSD,+ ébauche élévation msd,True,auto-syntax
+++,+,True,auto-syntax
+fourmillement pied dt jusqu'à épaule d,+fourmillement pied dt jusqu'à épaule d,False,unchanged
+fourmillements entre pied et épaule gc,+fourmillements entre pied et épaule gc,False,unchanged
+rapide à G?,+rapide à g?,True,auto-syntax
+révulsions oculaires,+révulsions oculaires,False,unchanged
",",",",False,unchanged
",,",",",True,auto-syntax
",,,",",",True,auto-syntax
",,,,",",",True,auto-syntax
-, ,True,auto-syntax
- intense que crise habituelle, intense que crise habituelle,True,auto-syntax
--> il parle d'engourdissement., > il parle d'engourdissement.,True,auto-syntax
--> se frotte paume D avec main G, > se frotte paume d avec main g,True,auto-syntax
.,.,False,unchanged
.!,.!,False,unchanged
.....,.,True,auto-syntax
/,/,False,unchanged
0,0,False,unchanged
0 VOIR,0 voir,True,auto-syntax
1,1,False,unchanged
1 Hz,1 hz,True,auto-syntax
1 Hz ES sec,1 hz es sec,True,auto-syntax
1 Hz PN sec,1 hz pn sec,True,auto-syntax
1 Hz n patient 1,1 hz n patient 1,True,auto-syntax
1 MN,1 mn,True,auto-syntax
1 MN HPN,1 mn hpn,True,auto-syntax
1 hz,1 hz,False,unchanged
1 mn HPN,1 mn hpn,True,auto-syntax
10 Hz,10 hz,True,auto-syntax
10 hz,10 hz,False,unchanged
10 hz ermés,10 hz ermés,False,unchanged
100,100,False,unchanged
10hz,10hz,False,unchanged
12 Hz,12 hz,True,auto-syntax
12 hz,12 hz,False,unchanged
12 hz ermés,12 hz ermés,False,unchanged
13 Hz,13 hz,True,auto-syntax
13 hz,13 hz,False,unchanged
13hz,13hz,False,unchanged
15 Hz,15 hz,True,auto-syntax
15 hz,15 hz,False,unchanged
15 hz ermés,15 hz ermés,False,unchanged
15hz,15hz,False,unchanged
16 Hz,16 hz,True,auto-syntax
16 minutes après la fin de la crise,16 minutes après la fin de la crise,False,unchanged
18,18,False,unchanged
18 Hz,18 hz,True,auto-syntax
18 hz,18 hz,False,unchanged
18 hz ermés,18 hz ermés,False,unchanged
1MN,1mn,True,auto-syntax
1MN HPN,1mn hpn,True,auto-syntax
1er symptome était au niv des mains,1er symptome était au niv des mains,False,unchanged
1hz,1hz,False,unchanged
1mg de rivotril en IVD,1mg de rivotril en ivd,True,auto-syntax
1mn HPN 20 sec,1mn hpn 20 sec,True,auto-syntax
1ère anomalie intercritique ou artefact?,1ère anomalie intercritique ou artefact?,False,unchanged
2,2,False,unchanged
2 MN,2 mn,True,auto-syntax
2 MN HPN,2 mn hpn,True,auto-syntax
2 hz,2 hz,False,unchanged
2 mn HPN,2 mn hpn,True,auto-syntax
20,20,False,unchanged
20 Hz,20 hz,True,auto-syntax
20 hz,20 hz,False,unchanged
20 hz ermés,20 hz ermés,False,unchanged
2024 ok,2024 ok,False,unchanged
20hz,20hz,False,unchanged
22 Hz,22 hz,True,auto-syntax
22 Hz moites,22 hz moites,True,auto-syntax
23 Hz,23 hz,True,auto-syntax
24 Hz,24 hz,True,auto-syntax
25 Hz,25 hz,True,auto-syntax
25 hz,25 hz,False,unchanged
25 hz ermés,25 hz ermés,False,unchanged
25hz,25hz,False,unchanged
28 Hz,28 hz,True,auto-syntax
2MN,2mn,True,auto-syntax
2TERNUE,2ternue,True,auto-syntax
2VEIL,2veil,True,auto-syntax
2VEILL2E,2veill2e,True,auto-syntax
2mn HPN,2mn hpn,True,auto-syntax
3 Hz,3 hz,True,auto-syntax
3 Hz ES,3 hz es,True,auto-syntax
3 Hz PN sec,3 hz pn sec,True,auto-syntax
3 Hz n patient 4,3 hz n patient 4,True,auto-syntax
3 MN HPN,3 mn hpn,True,auto-syntax
3 hz,3 hz,False,unchanged
3 mn HPN,3 mn hpn,True,auto-syntax
3 mn post HPN,3 mn post hpn,True,auto-syntax
30 Hz,30 hz,True,auto-syntax
30 hz,30 hz,False,unchanged
30 hz ermés,30 hz ermés,False,unchanged
35 Hz,35 hz,True,auto-syntax
35 hz,35 hz,False,unchanged
35 hz ermés,35 hz ermés,False,unchanged
3MN,3mn,True,auto-syntax
3MN HPN,3mn hpn,True,auto-syntax
3hz,3hz,False,unchanged
3mn HPN,3mn hpn,True,auto-syntax
3éme crise,3éme crise,False,unchanged
4 Hz,4 hz,True,auto-syntax
4 MN,4 mn,True,auto-syntax
4 MN HPN c,4 mn hpn c,True,auto-syntax
4 MN hpn,4 mn hpn,True,auto-syntax
4 hz,4 hz,False,unchanged
4 hz fermés,4 hz fermés,False,unchanged
4 minutes après la fin de la crise,4 minutes après la fin de la crise,False,unchanged
4 mn HPN,4 mn hpn,True,auto-syntax
40 Hz,40 hz,True,auto-syntax
40 hz,40 hz,False,unchanged
40 hz ermés,40 hz ermés,False,unchanged
45 Hz,45 hz,True,auto-syntax
4MN 20 sec,4mn 20 sec,True,auto-syntax
4MN HPN,4mn hpn,True,auto-syntax
4mn HPN,4mn hpn,True,auto-syntax
5 MG URBANYL DONNE,5 mg urbanyl donne,True,auto-syntax
5 hz,5 hz,False,unchanged
5 mg de BUCCOLAM donné en buccal,5 mg de buccolam donné en buccal,True,auto-syntax
50 Hz,50 hz,True,auto-syntax
50 hz,50 hz,False,unchanged
50 hz ermés,50 hz ermés,False,unchanged
50hz,50hz,False,unchanged
5hz,5hz,False,unchanged
6 Hz,6 hz,True,auto-syntax
6 Hz n patient 3,6 hz n patient 3,True,auto-syntax
6 hz,6 hz,False,unchanged
6 hz fermés,6 hz fermés,False,unchanged
65535,65535,False,unchanged
8 Hz,8 hz,True,auto-syntax
8 hz,8 hz,False,unchanged
8 hz fermés,8 hz fermés,False,unchanged
81 Hz,81 hz,True,auto-syntax
99,99,False,unchanged
:!,:!,False,unchanged
::::::::::,:,True,auto-syntax
;;;,;,True,auto-syntax
;;;;,;,True,auto-syntax
<Pointes en palissade?,<pointes en palissade?,True,auto-syntax
=,=,False,unchanged
?,?,False,unchanged
? ?,?,True,auto-syntax
? C4-P4 et C3-P3?,? c4 p4 et c3 p3?,True,auto-syntax
? GRATTE,? gratte,True,auto-syntax
? INTES BILAT ?,? intes bilat?,True,auto-syntax
? UGE EMENTS,? uge ements,True,auto-syntax
? a voir,? a voir,False,unchanged
? après le fuseau?,? après le fuseau?,False,unchanged
? asme,? asme,False,unchanged
? cording pause,? cording pause,False,unchanged
? cro réveil,? cro réveil,False,unchanged
? intes,? intes,False,unchanged
? ise 8,? ise 8,False,unchanged
? mplexe K,? mplexe k,True,auto-syntax
? patiente hors champs caméra,? patiente hors champs caméra,False,unchanged
? prendre ici,? prendre ici,False,unchanged
? se,? se,False,unchanged
? uge,? uge,False,unchanged
? uton patient 1,? uton patient 1,False,unchanged
? voir,? voir,False,unchanged
?!,?,True,auto-syntax
??,?,True,auto-syntax
?? ES LENTES,? es lentes,True,auto-syntax
?? fige,? fige,True,auto-syntax
?? pourlèche,? pourlèche,True,auto-syntax
???,?,True,auto-syntax
??? P vertex?,? p vertex?,True,auto-syntax
??? S LENTES,? s lentes,True,auto-syntax
??? anomalies ligne med???,? anomalies ligne med?,True,auto-syntax
??? fuseau?,? fuseau?,True,auto-syntax
??? temporal G? artefact?,? temporal g? artefact?,True,auto-syntax
??? tes bilat,? tes bilat,True,auto-syntax
????,?,True,auto-syntax
?????,?,True,auto-syntax
??????,?,True,auto-syntax
A CHAUD REPOND,a chaud repond,True,auto-syntax
A DU MAL A RESPIRER,a du mal a respirer,True,auto-syntax
A LA TETE DROITE,a la tete droite,True,auto-syntax
A REVOIR!!!,a revoir!,True,auto-syntax
A VOIR,a voir,True,auto-syntax
A VOIR !,a voir!,True,auto-syntax
A VOIR SENSATION DE CRISE,a voir sensation de crise,True,auto-syntax
A VOIR ie MSG,a voir ie msg,True,auto-syntax
A Voir !,a voir!,True,auto-syntax
A bougé sa main dt,a bougé sa main dt,True,auto-syntax
A eu une sensation dans la machoire,a eu une sensation dans la machoire,True,auto-syntax
A la sensation que ses mains vont avoir,a la sensation que ses mains vont avoir,True,auto-syntax
A regarder,a regarder,True,auto-syntax
A regarder ci,a regarder ci,True,auto-syntax
A retenu le mot bateau,a retenu le mot bateau,True,auto-syntax
A retenu les mots montre et bateau,a retenu les mots montre et bateau,True,auto-syntax
A voir,a voir,True,auto-syntax
A voir !,a voir!,True,auto-syntax
A voire,a voire,True,auto-syntax
ACTIVITE DE POINTES RYTHMIQUES,activite de pointes rythmiques,True,auto-syntax
ACTIVITE O2,activite o2,True,auto-syntax
"ACTIVITE O2,","activite o2,",True,auto-syntax
ACTIVITE O2/T6,activite o2/t6,True,auto-syntax
ACTIVITE O2?,activite o2?,True,auto-syntax
ACTIVITE RYTHMIQUE,activite rythmique,True,auto-syntax
ALLONGE SES JAMBES,allonge ses jambes,True,auto-syntax
ALLONGEE AU SOL,allongee au sol,True,auto-syntax
ANO G,ano g,True,auto-syntax
ANO INTERC SOMMEIL,ano interc sommeil,True,auto-syntax
ANO g,ano g,True,auto-syntax
ANOMALES G,anomales g,True,auto-syntax
ANOMALIE,anomalie,True,auto-syntax
ANOMALIE RAS,anomalie ras,True,auto-syntax
ANOMALIES,anomalies,True,auto-syntax
ANOMALIES ASYNCHRONES,anomalies asynchrones,True,auto-syntax
ANOMALIES DROITES,anomalies droites,True,auto-syntax
ANOMALIES G,anomalies g,True,auto-syntax
ANOMALIES g,anomalies g,True,auto-syntax
ANOMALIES g nt 2,anomalies g nt 2,True,auto-syntax
ANOMALIES paroxystiques ant D,anomalies paroxystiques ant d,True,auto-syntax
ANOMLALIES,anomlalies,True,auto-syntax
ANOMLIES G,anomlies g,True,auto-syntax
AR,ar,True,auto-syntax
ARRET,arret,True,auto-syntax
ARRET HPN c,arret hpn c,True,auto-syntax
ARRET SENSATION,arret sensation,True,auto-syntax
ARRET SPORT,arret sport,True,auto-syntax
ARRETE DE DESSINER,arrete de dessiner,True,auto-syntax
ARRETE DE FAIRE HPN,arrete de faire hpn,True,auto-syntax
ARRETTE DE TAPOTER,arrette de tapoter,True,auto-syntax
ARTEFACT,artefact,True,auto-syntax
ARTEFACT ?,artefact?,True,auto-syntax
ARTEFACT CLAPING C3,artefact claping c3,True,auto-syntax
ARTEFACT FILS,artefact fils,True,auto-syntax
ARTEFACT SE BALANCE,artefact se balance,True,auto-syntax
ARTEFACT SUR T4,artefact sur t4,True,auto-syntax
ARTEFACT ec,artefact ec,True,auto-syntax
ARTICULATION OK,articulation ok,True,auto-syntax
ARYTHMIE,arythmie,True,auto-syntax
ARYTHMIE ec,arythmie ec,True,auto-syntax
ASYSTOLIE,asystolie,True,auto-syntax
AU TELEPHONE,au telephone,True,auto-syntax
AUTOMATISME MSG UX TE,automatisme msg ux te,True,auto-syntax
AUTOMATISMES AVEC SES MAINS,automatismes avec ses mains,True,auto-syntax
AVOIR L IMPRESIOON PIED,avoir l impresioon pied,True,auto-syntax
Activité rapide paroxysmique,activité rapide paroxysmique,True,auto-syntax
Agitation,agitation,True,auto-syntax
Agitation (Pédalage ?) 4 membres,agitation (pédalage?) 4 membres,True,auto-syntax
Agitation (sous le drap),agitation (sous le drap),True,auto-syntax
Alarme 1,alarme 1,True,auto-syntax
Alarme 1 : ANGOISSE TACHYCARDIE BOUFFEES,alarme 1: angoisse tachycardie bouffees,True,auto-syntax
Alarme 1 : la mère prévient,alarme 1: la mère prévient,True,auto-syntax
Alarme 1 F9TP9,alarme 1 f9tp9,True,auto-syntax
Alarme 1 pide fronto central Dt,alarme 1 pide fronto central dt,True,auto-syntax
Alarme 1 plutot à l'arriere du corps,alarme 1 plutot à l'arriere du corps,True,auto-syntax
Alarme 1 suite morsure de levre,alarme 1 suite morsure de levre,True,auto-syntax
Alarme 1 yeux et cherche la sonnette,alarme 1 yeux et cherche la sonnette,True,auto-syntax
Alarme 10,alarme 10,True,auto-syntax
Alarme 10 c te vers la droite,alarme 10 c te vers la droite,True,auto-syntax
Alarme 10 tete a droite,alarme 10 tete a droite,True,auto-syntax
Alarme 100,alarme 100,True,auto-syntax
Alarme 101,alarme 101,True,auto-syntax
Alarme 102,alarme 102,True,auto-syntax
Alarme 103,alarme 103,True,auto-syntax
Alarme 104,alarme 104,True,auto-syntax
Alarme 105,alarme 105,True,auto-syntax
Alarme 106,alarme 106,True,auto-syntax
Alarme 107,alarme 107,True,auto-syntax
Alarme 108,alarme 108,True,auto-syntax
Alarme 109,alarme 109,True,auto-syntax
Alarme 11,alarme 11,True,auto-syntax
Alarme 11 c te vers la droite,alarme 11 c te vers la droite,True,auto-syntax
Alarme 110,alarme 110,True,auto-syntax
Alarme 111,alarme 111,True,auto-syntax
Alarme 112,alarme 112,True,auto-syntax
Alarme 113,alarme 113,True,auto-syntax
Alarme 114,alarme 114,True,auto-syntax
Alarme 115,alarme 115,True,auto-syntax
Alarme 116,alarme 116,True,auto-syntax
Alarme 117,alarme 117,True,auto-syntax
Alarme 118,alarme 118,True,auto-syntax
Alarme 119,alarme 119,True,auto-syntax
Alarme 12,alarme 12,True,auto-syntax
Alarme 12 ses,alarme 12 ses,True,auto-syntax
Alarme 12 tout le corp roite,alarme 12 tout le corp roite,True,auto-syntax
Alarme 120,alarme 120,True,auto-syntax
Alarme 121,alarme 121,True,auto-syntax
Alarme 122,alarme 122,True,auto-syntax
Alarme 123,alarme 123,True,auto-syntax
Alarme 124,alarme 124,True,auto-syntax
Alarme 125,alarme 125,True,auto-syntax
Alarme 126,alarme 126,True,auto-syntax
Alarme 127,alarme 127,True,auto-syntax
Alarme 128,alarme 128,True,auto-syntax
Alarme 129,alarme 129,True,auto-syntax
Alarme 13,alarme 13,True,auto-syntax
Alarme 13 épaule droite,alarme 13 épaule droite,True,auto-syntax
Alarme 130,alarme 130,True,auto-syntax
Alarme 131,alarme 131,True,auto-syntax
Alarme 132,alarme 132,True,auto-syntax
Alarme 133,alarme 133,True,auto-syntax
Alarme 134,alarme 134,True,auto-syntax
Alarme 135,alarme 135,True,auto-syntax
Alarme 136,alarme 136,True,auto-syntax
Alarme 137,alarme 137,True,auto-syntax
Alarme 138,alarme 138,True,auto-syntax
Alarme 139,alarme 139,True,auto-syntax
Alarme 14,alarme 14,True,auto-syntax
Alarme 14 0 sec droite,alarme 14 0 sec droite,True,auto-syntax
Alarme 140,alarme 140,True,auto-syntax
Alarme 141,alarme 141,True,auto-syntax
Alarme 142,alarme 142,True,auto-syntax
Alarme 143,alarme 143,True,auto-syntax
Alarme 144,alarme 144,True,auto-syntax
Alarme 145,alarme 145,True,auto-syntax
Alarme 146,alarme 146,True,auto-syntax
Alarme 147,alarme 147,True,auto-syntax
Alarme 148,alarme 148,True,auto-syntax
Alarme 149,alarme 149,True,auto-syntax
Alarme 15,alarme 15,True,auto-syntax
Alarme 15 tete vers la droite,alarme 15 tete vers la droite,True,auto-syntax
Alarme 150,alarme 150,True,auto-syntax
Alarme 151,alarme 151,True,auto-syntax
Alarme 152,alarme 152,True,auto-syntax
Alarme 153,alarme 153,True,auto-syntax
Alarme 154,alarme 154,True,auto-syntax
Alarme 155,alarme 155,True,auto-syntax
Alarme 156,alarme 156,True,auto-syntax
Alarme 157,alarme 157,True,auto-syntax
Alarme 158,alarme 158,True,auto-syntax
Alarme 159,alarme 159,True,auto-syntax
Alarme 16,alarme 16,True,auto-syntax
Alarme 16 tete vers la droite,alarme 16 tete vers la droite,True,auto-syntax
Alarme 160,alarme 160,True,auto-syntax
Alarme 161,alarme 161,True,auto-syntax
Alarme 162,alarme 162,True,auto-syntax
Alarme 163,alarme 163,True,auto-syntax
Alarme 164,alarme 164,True,auto-syntax
Alarme 165,alarme 165,True,auto-syntax
Alarme 166,alarme 166,True,auto-syntax
Alarme 167,alarme 167,True,auto-syntax
Alarme 168,alarme 168,True,auto-syntax
Alarme 169,alarme 169,True,auto-syntax
Alarme 17,alarme 17,True,auto-syntax
Alarme 170,alarme 170,True,auto-syntax
Alarme 171,alarme 171,True,auto-syntax
Alarme 172,alarme 172,True,auto-syntax
Alarme 173,alarme 173,True,auto-syntax
Alarme 174,alarme 174,True,auto-syntax
Alarme 175,alarme 175,True,auto-syntax
Alarme 176,alarme 176,True,auto-syntax
Alarme 177,alarme 177,True,auto-syntax
Alarme 178,alarme 178,True,auto-syntax
Alarme 18,alarme 18,True,auto-syntax
Alarme 19,alarme 19,True,auto-syntax
Alarme 19 des pieds,alarme 19 des pieds,True,auto-syntax
Alarme 2,alarme 2,True,auto-syntax
Alarme 2 (par la maman),alarme 2 (par la maman),True,auto-syntax
Alarme 2 : la mère prévient,alarme 2: la mère prévient,True,auto-syntax
Alarme 2 bruit oreille droite,alarme 2 bruit oreille droite,True,auto-syntax
Alarme 2 ment G?,alarme 2 ment g?,True,auto-syntax
Alarme 2 pied gch,alarme 2 pied gch,True,auto-syntax
Alarme 20,alarme 20,True,auto-syntax
Alarme 21,alarme 21,True,auto-syntax
Alarme 22,alarme 22,True,auto-syntax
Alarme 23,alarme 23,True,auto-syntax
Alarme 24,alarme 24,True,auto-syntax
Alarme 25,alarme 25,True,auto-syntax
Alarme 26,alarme 26,True,auto-syntax
Alarme 27,alarme 27,True,auto-syntax
Alarme 28,alarme 28,True,auto-syntax
Alarme 29,alarme 29,True,auto-syntax
Alarme 3,alarme 3,True,auto-syntax
Alarme 3 mlent genou gch,alarme 3 mlent genou gch,True,auto-syntax
Alarme 3 pied gch,alarme 3 pied gch,True,auto-syntax
Alarme 30,alarme 30,True,auto-syntax
Alarme 31,alarme 31,True,auto-syntax
Alarme 32,alarme 32,True,auto-syntax
Alarme 33,alarme 33,True,auto-syntax
Alarme 34,alarme 34,True,auto-syntax
Alarme 35,alarme 35,True,auto-syntax
Alarme 36,alarme 36,True,auto-syntax
Alarme 37,alarme 37,True,auto-syntax
Alarme 38,alarme 38,True,auto-syntax
Alarme 39,alarme 39,True,auto-syntax
Alarme 4,alarme 4,True,auto-syntax
Alarme 4 ment genou gch,alarme 4 ment genou gch,True,auto-syntax
Alarme 4 pied gch,alarme 4 pied gch,True,auto-syntax
Alarme 40,alarme 40,True,auto-syntax
Alarme 41,alarme 41,True,auto-syntax
Alarme 42,alarme 42,True,auto-syntax
Alarme 43,alarme 43,True,auto-syntax
Alarme 44,alarme 44,True,auto-syntax
Alarme 45,alarme 45,True,auto-syntax
Alarme 46,alarme 46,True,auto-syntax
Alarme 47,alarme 47,True,auto-syntax
Alarme 48,alarme 48,True,auto-syntax
Alarme 49,alarme 49,True,auto-syntax
Alarme 5,alarme 5,True,auto-syntax
Alarme 5 ec,alarme 5 ec,True,auto-syntax
Alarme 5 ment genou gch,alarme 5 ment genou gch,True,auto-syntax
Alarme 5 pied droit,alarme 5 pied droit,True,auto-syntax
Alarme 50,alarme 50,True,auto-syntax
Alarme 51,alarme 51,True,auto-syntax
Alarme 52,alarme 52,True,auto-syntax
Alarme 53,alarme 53,True,auto-syntax
Alarme 54,alarme 54,True,auto-syntax
Alarme 55,alarme 55,True,auto-syntax
Alarme 56,alarme 56,True,auto-syntax
Alarme 57,alarme 57,True,auto-syntax
Alarme 58,alarme 58,True,auto-syntax
Alarme 59,alarme 59,True,auto-syntax
Alarme 6,alarme 6,True,auto-syntax
Alarme 6 arcade gch,alarme 6 arcade gch,True,auto-syntax
Alarme 6 ec,alarme 6 ec,True,auto-syntax
Alarme 6 ment genou droit,alarme 6 ment genou droit,True,auto-syntax
Alarme 6 pied droit,alarme 6 pied droit,True,auto-syntax
Alarme 6 révulsion oculaire,alarme 6 révulsion oculaire,True,auto-syntax
Alarme 60,alarme 60,True,auto-syntax
Alarme 61,alarme 61,True,auto-syntax
Alarme 62,alarme 62,True,auto-syntax
Alarme 63,alarme 63,True,auto-syntax
Alarme 64,alarme 64,True,auto-syntax
Alarme 65,alarme 65,True,auto-syntax
Alarme 66,alarme 66,True,auto-syntax
Alarme 67,alarme 67,True,auto-syntax
Alarme 68,alarme 68,True,auto-syntax
Alarme 69,alarme 69,True,auto-syntax
Alarme 7,alarme 7,True,auto-syntax
Alarme 7 ec,alarme 7 ec,True,auto-syntax
Alarme 7 pied droit,alarme 7 pied droit,True,auto-syntax
Alarme 7 révulsion oculaire,alarme 7 révulsion oculaire,True,auto-syntax
Alarme 70,alarme 70,True,auto-syntax
Alarme 71,alarme 71,True,auto-syntax
Alarme 72,alarme 72,True,auto-syntax
Alarme 73,alarme 73,True,auto-syntax
Alarme 74,alarme 74,True,auto-syntax
Alarme 75,alarme 75,True,auto-syntax
Alarme 76,alarme 76,True,auto-syntax
Alarme 77,alarme 77,True,auto-syntax
Alarme 78,alarme 78,True,auto-syntax
Alarme 79,alarme 79,True,auto-syntax
Alarme 8,alarme 8,True,auto-syntax
Alarme 8 bras gch,alarme 8 bras gch,True,auto-syntax
Alarme 8 ec es pieds,alarme 8 ec es pieds,True,auto-syntax
Alarme 80,alarme 80,True,auto-syntax
Alarme 81,alarme 81,True,auto-syntax
Alarme 82,alarme 82,True,auto-syntax
Alarme 83,alarme 83,True,auto-syntax
Alarme 84,alarme 84,True,auto-syntax
Alarme 85,alarme 85,True,auto-syntax
Alarme 86,alarme 86,True,auto-syntax
Alarme 87,alarme 87,True,auto-syntax
Alarme 88,alarme 88,True,auto-syntax
Alarme 89,alarme 89,True,auto-syntax
Alarme 9,alarme 9,True,auto-syntax
Alarme 9 ec es pieds,alarme 9 ec es pieds,True,auto-syntax
Alarme 90,alarme 90,True,auto-syntax
Alarme 91,alarme 91,True,auto-syntax
Alarme 92,alarme 92,True,auto-syntax
Alarme 93,alarme 93,True,auto-syntax
Alarme 94,alarme 94,True,auto-syntax
Alarme 95,alarme 95,True,auto-syntax
Alarme 96,alarme 96,True,auto-syntax
Alarme 97,alarme 97,True,auto-syntax
Alarme 98,alarme 98,True,auto-syntax
Alarme 99,alarme 99,True,auto-syntax
Alarme non noté,alarme non noté,True,auto-syntax
Anomalie du champ visuel à droite,anomalie du champ visuel à droite,True,auto-syntax
Anomalies,anomalies,True,auto-syntax
Anomalies G,anomalies g,True,auto-syntax
Anomalous current flow on inputs,anomalous current flow on inputs,True,auto-syntax
Appel,appel,True,auto-syntax
"Appel le prénom, repond","appel le prénom, repond",True,auto-syntax
"Appel par le prénom, répond","appel par le prénom, répond",True,auto-syntax
Arrache toutes ses électrodes,arrache toutes ses électrodes,True,auto-syntax
Arrete ses mouvements,arrete ses mouvements,True,auto-syntax
Arrive à lire les mots,arrive à lire les mots,True,auto-syntax
Arrêt HPN,arrêt hpn,True,auto-syntax
Art ECG??,art ecg?,True,auto-syntax
Artefact,artefact,True,auto-syntax
Artefact 60 sec,artefact 60 sec,True,auto-syntax
Artefact biT synchrones de MSD,artefact bit synchrones de msd,True,auto-syntax
Artefact de gomme,artefact de gomme,True,auto-syntax
Artefact ec,artefact ec,True,auto-syntax
Artéfact de gomme,artéfact de gomme,True,auto-syntax
Au téléphone,au téléphone,True,auto-syntax
"Auto MS, frotte AV bras D avec main G","auto ms, frotte av bras d avec main g",True,auto-syntax
Automatismes Mb inf genoux s'entrechoque,automatismes mb inf genoux s'entrechoque,True,auto-syntax
Automatismes verbaux? Echolalie,automatismes verbaux? echolalie,True,auto-syntax
Avec intervalles libres,avec intervalles libres,True,auto-syntax
BAILLE,baille,True,auto-syntax
BAILLE sec,baille sec,True,auto-syntax
BAILLLE,baillle,True,auto-syntax
BALLE,balle,True,auto-syntax
BASALES G VERIFIEES,basales g verifiees,True,auto-syntax
BIEN ORENTE,bien orente,True,auto-syntax
BOIT,boit,True,auto-syntax
BOIUGE,boiuge,True,auto-syntax
BOUE,boue,True,auto-syntax
BOUFF2E,bouff2e,True,auto-syntax
BOUFFE + clignement,bouffe + clignement,True,auto-syntax
BOUFFE AS,bouffe as,True,auto-syntax
BOUFFE ASY,bouffe asy,True,auto-syntax
BOUFFE ASYMPTO,bouffe asympto,True,auto-syntax
BOUFFE ASYPTO,bouffe asypto,True,auto-syntax
BOUFFE CONTINUE DE PARLER,bouffe continue de parler,True,auto-syntax
BOUFFE RYTHMIQUE,bouffe rythmique,True,auto-syntax
BOUFFE YEUX,bouffe yeux,True,auto-syntax
BOUFFEE,bouffee,True,auto-syntax
BOUFFEE ASYMPTO,bouffee asympto,True,auto-syntax
BOUFFEE DE POINTES,bouffee de pointes,True,auto-syntax
BOUFFEE LENTE,bouffee lente,True,auto-syntax
BOUFFEE S'ARRETE DE FAIRE HPN,bouffee s'arrete de faire hpn,True,auto-syntax
BOUFFEE S'ARRETE DE FAIRE L'HPN,bouffee s'arrete de faire l'hpn,True,auto-syntax
BOUFFEE asympto,bouffee asympto,True,auto-syntax
BOUFFEES DE POINTES,bouffees de pointes,True,auto-syntax
BOUFFEES DE POINTES-ONDES,bouffees de pointes ondes,True,auto-syntax
BOUGE,bouge,True,auto-syntax
BOUGE 0 sec,bouge 0 sec,True,auto-syntax
BOUGE E SES JAMBES,bouge e ses jambes,True,auto-syntax
BOUGE EMENTS,bouge ements,True,auto-syntax
BOUGE LA COUVERTURE,bouge la couverture,True,auto-syntax
BOUGE LA TETE,bouge la tete,True,auto-syntax
BOUGE MAIN G,bouge main g,True,auto-syntax
BOUGE MS D,bouge ms d,True,auto-syntax
BOUGE N,bouge n,True,auto-syntax
BOUGE OY,bouge oy,True,auto-syntax
BOUGE POUCE G,bouge pouce g,True,auto-syntax
BOUGE RAS,bouge ras,True,auto-syntax
BOUGE REVEIL,bouge reveil,True,auto-syntax
BOUGE S,bouge s,True,auto-syntax
BOUGE SES MB SUP DROIT,bouge ses mb sup droit,True,auto-syntax
BOUGE TENUS,bouge tenus,True,auto-syntax
BOUGE TETE,bouge tete,True,auto-syntax
BOUGE TTE,bouge tte,True,auto-syntax
BOUGE TËTE,bouge tëte,True,auto-syntax
BOUGE sec,bouge sec,True,auto-syntax
BROSSE LES DENTS,brosse les dents,True,auto-syntax
BRUIT,bruit,True,auto-syntax
BUIT DE PERCEUSE,buit de perceuse,True,auto-syntax
Baille,baille,True,auto-syntax
Bateau ?,bateau?,True,auto-syntax
Begaiement,begaiement,True,auto-syntax
"Bien éveillée, ne préviens pas","bien éveillée, ne préviens pas",True,auto-syntax
Bouffée,bouffée,True,auto-syntax
Bouffée d'éléments lents diffus,bouffée d'éléments lents diffus,True,auto-syntax
Bouffée de pointes,bouffée de pointes,True,auto-syntax
Bouge,bouge,True,auto-syntax
Bouge 0 sec,bouge 0 sec,True,auto-syntax
Bouge N sec,bouge n sec,True,auto-syntax
Bouge PN 60 sec re mais tjr presente,bouge pn 60 sec re mais tjr presente,True,auto-syntax
Bouge RAS,bouge ras,True,auto-syntax
Bouge Ras,bouge ras,True,auto-syntax
Bouge es de la Vigilance,bouge es de la vigilance,True,auto-syntax
Bouge le syeux,bouge le syeux,True,auto-syntax
Bouge tête,bouge tête,True,auto-syntax
Bouge tête puis lève main G,bouge tête puis lève main g,True,auto-syntax
Bouge ventre,bouge ventre,True,auto-syntax
Bouton patient 1,bouton patient 1,True,auto-syntax
Bouton patient 2,bouton patient 2,True,auto-syntax
Bouton patient 3,bouton patient 3,True,auto-syntax
Bruit,bruit,True,auto-syntax
Bruit (discussion à proximité),bruit (discussion à proximité),True,auto-syntax
Bruit=>secousse,bruit=>secousse,True,auto-syntax
Brêve Dlr au niveau de la tête côté gau,brêve dlr au niveau de la tête côté gau,True,auto-syntax
Bégaiement,bégaiement,True,auto-syntax
C'est quoi ?,c'est quoi?,True,auto-syntax
C3P3 ralentissement,c3p3 ralentissement,True,auto-syntax
C3P3P3O1F7T3T3T5,c3p3p3o1f7t3t3t5,True,auto-syntax
C4,c4,True,auto-syntax
C4 T4,c4 t4,True,auto-syntax
C4/CZ,c4/cz,True,auto-syntax
CHUTE post crise,chute post crise,True,auto-syntax
CI,ci,True,auto-syntax
CI ording pause,ci ording pause,True,auto-syntax
CI?,ci?,True,auto-syntax
CLAQUE DES DENTS,claque des dents,True,auto-syntax
CLIGNE DES YEUX,cligne des yeux,True,auto-syntax
CLONIE MAIN DTE,clonie main dte,True,auto-syntax
CLONIE TETE,clonie tete,True,auto-syntax
CLONIES DES 2 MEMBRES SUP,clonies des 2 membres sup,True,auto-syntax
CLONIES DES PAUPIERES,clonies des paupieres,True,auto-syntax
CNE?,cne?,True,auto-syntax
CNEP,cnep,True,auto-syntax
CNEP ?,cnep?,True,auto-syntax
CNEP?,cnep?,True,auto-syntax
COMME DEBUT DE CRISE,comme debut de crise,True,auto-syntax
COMME DEBUT DE CRISE ANGOISSANT,comme debut de crise angoissant,True,auto-syntax
COMME IL VEUT,comme il veut,True,auto-syntax
COMME UN COUPDE POING,comme un coupde poing,True,auto-syntax
COMME UN DEBUT DE CRISE,comme un debut de crise,True,auto-syntax
COMMENCE A MACHONNER,commence a machonner,True,auto-syntax
CONTRACTE LES PAUPIERES,contracte les paupieres,True,auto-syntax
CONTRACTIONS ABDOMINALES TJR PRESENTES,contractions abdominales tjr presentes,True,auto-syntax
CONTRACTIONS DES EPAULES ET ABDO,contractions des epaules et abdo,True,auto-syntax
CONTRACTIONS INVOLONTAIRES,contractions involontaires,True,auto-syntax
CONTRACTIONS TJR PRESENTES,contractions tjr presentes,True,auto-syntax
CONTROLER SA MACHOIRE,controler sa machoire,True,auto-syntax
COmplexe K aigu et fuseaux ?,complexe k aigu et fuseaux?,True,auto-syntax
CP,cp,True,auto-syntax
CRACHE,crache,True,auto-syntax
CRIE,crie,True,auto-syntax
CRIE MAMAN PAPA,crie maman papa,True,auto-syntax
CRIS INFRA ?,cris infra?,True,auto-syntax
CRISE,crise,True,auto-syntax
CRISE 1,crise 1,True,auto-syntax
CRISE 12,crise 12,True,auto-syntax
CRISE 13,crise 13,True,auto-syntax
CRISE 14,crise 14,True,auto-syntax
CRISE 15,crise 15,True,auto-syntax
CRISE 16,crise 16,True,auto-syntax
CRISE 17,crise 17,True,auto-syntax
CRISE 18,crise 18,True,auto-syntax
CRISE 19,crise 19,True,auto-syntax
CRISE 2,crise 2,True,auto-syntax
CRISE 2 à 06h17,crise 2 à 06h17,True,auto-syntax
CRISE 20,crise 20,True,auto-syntax
CRISE 21,crise 21,True,auto-syntax
CRISE 22,crise 22,True,auto-syntax
CRISE 23,crise 23,True,auto-syntax
CRISE 3,crise 3,True,auto-syntax
CRISE 4,crise 4,True,auto-syntax
CRISE 5,crise 5,True,auto-syntax
CRISE 6,crise 6,True,auto-syntax
CRISE 7,crise 7,True,auto-syntax
CRISE ?,crise?,True,auto-syntax
CRISE ? Arrêt activités moins marqué,crise? arrêt activités moins marqué,True,auto-syntax
CRISE ???,crise?,True,auto-syntax
CRISE AVEC CHUTE,crise avec chute,True,auto-syntax
CRISE E,crise e,True,auto-syntax
CRISE GE ?,crise ge?,True,auto-syntax
CRISE INFRA,crise infra,True,auto-syntax
CRISE TYPE CHUTE,crise type chute,True,auto-syntax
CRISE patient 1,crise patient 1,True,auto-syntax
CRISE type flash,crise type flash,True,auto-syntax
CRISE?,crise?,True,auto-syntax
CRISE? CA NE VA PAS,crise? ca ne va pas,True,auto-syntax
CRISPATION MAIN DOITE,crispation main doite,True,auto-syntax
CZ RECTIFIEE,cz rectifiee,True,auto-syntax
Car sur côté droit !,car sur côté droit!,True,auto-syntax
Cherche l'alarme,cherche l'alarme,True,auto-syntax
Clignements,clignements,True,auto-syntax
Clignements légers,clignements légers,True,auto-syntax
Clonies + sensation electrique,clonies + sensation electrique,True,auto-syntax
Clonies +/- Trémulations n gauche,clonies +/ trémulations n gauche,True,auto-syntax
Clonies doigts dt,clonies doigts dt,True,auto-syntax
Clonies palpébrales,clonies palpébrales,True,auto-syntax
Clonies palpébrales maintien Barré,clonies palpébrales maintien barré,True,auto-syntax
Cnep ?,cnep?,True,auto-syntax
Colère,colère,True,auto-syntax
Commence à mieux parler,commence à mieux parler,True,auto-syntax
Complexe K,complexe k,True,auto-syntax
Complexe K et fuseau?,complexe k et fuseau?,True,auto-syntax
Complexe K et fuseaux,complexe k et fuseaux,True,auto-syntax
Complexe K et fuseaux???,complexe k et fuseaux?,True,auto-syntax
Complexe K?,complexe k?,True,auto-syntax
Complexe K???,complexe k?,True,auto-syntax
Complexes K?,complexes k?,True,auto-syntax
Comportement.Se réinstalle pour dormir?,comportement.se réinstalle pour dormir?,True,auto-syntax
Contraction face droite,contraction face droite,True,auto-syntax
Contraction faciales D rythmiques,contraction faciales d rythmiques,True,auto-syntax
Contractions main G,contractions main g,True,auto-syntax
Contractions ryth rapides ralentissa à G,contractions ryth rapides ralentissa à g,True,auto-syntax
Contract° arythmiques commiss labiale G,contract° arythmiques commiss labiale g,True,auto-syntax
Coudes fléchis,coudes fléchis,True,auto-syntax
Crache l'Urbanyl,crache l'urbanyl,True,auto-syntax
Crie,crie,True,auto-syntax
Crie e,crie e,True,auto-syntax
Cris et part en arriere,cris et part en arriere,True,auto-syntax
Crise,crise,True,auto-syntax
Crise (aux toilettes),crise (aux toilettes),True,auto-syntax
Crise 1,crise 1,True,auto-syntax
Crise 10,crise 10,True,auto-syntax
Crise 11,crise 11,True,auto-syntax
Crise 12,crise 12,True,auto-syntax
Crise 13,crise 13,True,auto-syntax
Crise 17,crise 17,True,auto-syntax
Crise 2,crise 2,True,auto-syntax
Crise 2 ?,crise 2?,True,auto-syntax
Crise 26,crise 26,True,auto-syntax
Crise 3,crise 3,True,auto-syntax
Crise 3 (ou 2e de série),crise 3 (ou 2e de série),True,auto-syntax
Crise 3 ?,crise 3?,True,auto-syntax
Crise 4,crise 4,True,auto-syntax
Crise 4 (3e de la série,crise 4 (3e de la série,True,auto-syntax
Crise 47,crise 47,True,auto-syntax
Crise 5,crise 5,True,auto-syntax
Crise 50 ?,crise 50?,True,auto-syntax
Crise 6,crise 6,True,auto-syntax
Crise 7,crise 7,True,auto-syntax
Crise 8,crise 8,True,auto-syntax
Crise 9,crise 9,True,auto-syntax
Crise ?,crise?,True,auto-syntax
Crise ? déviation des yeux G,crise? déviation des yeux g,True,auto-syntax
Crise D,crise d,True,auto-syntax
Crise IC droite,crise ic droite,True,auto-syntax
Crise Infra?,crise infra?,True,auto-syntax
Crise Infraclinique,crise infraclinique,True,auto-syntax
Crise avec chute dans les toilettes?,crise avec chute dans les toilettes?,True,auto-syntax
Crise clinique. RAS électrique?,crise clinique. ras électrique?,True,auto-syntax
Crise droite,crise droite,True,auto-syntax
Crise sursaut? il dit que oui. Surpris,crise sursaut? il dit que oui. surpris,True,auto-syntax
Crise/CNEP,crise/cnep,True,auto-syntax
Crise/CNEP ?,crise/cnep?,True,auto-syntax
Crise25,crise25,True,auto-syntax
Crise30,crise30,True,auto-syntax
Crise41,crise41,True,auto-syntax
Crise43,crise43,True,auto-syntax
Crise44,crise44,True,auto-syntax
Crise45,crise45,True,auto-syntax
Crise48,crise48,True,auto-syntax
Crise51,crise51,True,auto-syntax
Crise52,crise52,True,auto-syntax
Crise?,crise?,True,auto-syntax
Crise? e tête,crise? e tête,True,auto-syntax
Croise jambes,croise jambes,True,auto-syntax
Céphalées,céphalées,True,auto-syntax
Côté droit,côté droit,True,auto-syntax
D,d,True,auto-syntax
D!!!!!!!!,d!,True,auto-syntax
D2CHARGE,d2charge,True,auto-syntax
D2CHARGE INFRACLINIQUE,d2charge infraclinique,True,auto-syntax
D2CHARGE LENTE H2MISPH2RIQUE DROITE????£,d2charge lente h2misph2rique droite?£,True,auto-syntax
D2GLUTI,d2gluti,True,auto-syntax
D>G,d>g,True,auto-syntax
DEBUT,debut,True,auto-syntax
DEBUT HPN,debut hpn,True,auto-syntax
DEBUT SLI,debut sli,True,auto-syntax
DECHARGE,decharge,True,auto-syntax
DECHARGE ?,decharge?,True,auto-syntax
DECHARGE GCHE,decharge gche,True,auto-syntax
DECHARGE LENTE F8,decharge lente f8,True,auto-syntax
DECHARGE RYTHMIQUE F8,decharge rythmique f8,True,auto-syntax
DECHARGE TETE DROITE,decharge tete droite,True,auto-syntax
DECHARGE?,decharge?,True,auto-syntax
DECRIPTION,decription,True,auto-syntax
DECRIT UNE SENSATION DE VERTIGES,decrit une sensation de vertiges,True,auto-syntax
DEGLUTIT,deglutit,True,auto-syntax
DEGLUTITION,deglutition,True,auto-syntax
DEJA 14 MIN,deja 14 min,True,auto-syntax
DEJA RESSENTI CA AVANT UNE CRISE,deja ressenti ca avant une crise,True,auto-syntax
DENNOMME,dennomme,True,auto-syntax
DENOMME,denomme,True,auto-syntax
DENOMME EST POASSEE,denomme est poassee,True,auto-syntax
DENOMME LA MONTRE,denomme la montre,True,auto-syntax
DENOMME LE PORTABLE,denomme le portable,True,auto-syntax
"DENOMME LE SMARTOPHONE FEL AS""","denomme le smartophone fel as""",True,auto-syntax
DENOMME LE STYLO,denomme le stylo,True,auto-syntax
DENOMME OBJET,denomme objet,True,auto-syntax
DENOMME OK,denomme ok,True,auto-syntax
DES TREMBLEMENTS pitations,des tremblements pitations,True,auto-syntax
DESATURATION,desaturation,True,auto-syntax
DESERRE,deserre,True,auto-syntax
DESSERE LES MAINS NS,dessere les mains ns,True,auto-syntax
DESSERE MAIN G,dessere main g,True,auto-syntax
DESSERRE,desserre,True,auto-syntax
DESSERRE LE POIG GAUCHE,desserre le poig gauche,True,auto-syntax
DESSERRE LE POING DROIT,desserre le poing droit,True,auto-syntax
DESSERRE LES POINGS,desserre les poings,True,auto-syntax
DEVIATION DE LA TETE A GAUCHE,deviation de la tete a gauche,True,auto-syntax
DEVIATION DU TRONC,deviation du tronc,True,auto-syntax
DIFF A RESPIRER OBSTACLA LA DEGLUTITION,diff a respirer obstacla la deglutition,True,auto-syntax
DIFFICULTE A ARTICULER,difficulte a articuler,True,auto-syntax
DIFFICULTE A PARLER,difficulte a parler,True,auto-syntax
DIT A POSTERIORI QU IL A DU MAL A,dit a posteriori qu il a du mal a,True,auto-syntax
DIT ALLER BIEN,dit aller bien,True,auto-syntax
DIT AVOIR CHAUD A LA TETE,dit avoir chaud a la tete,True,auto-syntax
DIT AVOIR DES SENSATIONS,dit avoir des sensations,True,auto-syntax
DIT AVOIR DES SENSATIONS DANS LE MAINS,dit avoir des sensations dans le mains,True,auto-syntax
DIT AVOIR DU MAL A RESPIRER,dit avoir du mal a respirer,True,auto-syntax
DIT AVOIR EU FLASH DE SOUVENIR,dit avoir eu flash de souvenir,True,auto-syntax
DIT AVOIR EU MAL A LA TETE COTE DROIT,dit avoir eu mal a la tete cote droit,True,auto-syntax
DIT AVOIR EU UN COURANT ELECTRIQ TETE,dit avoir eu un courant electriq tete,True,auto-syntax
DIT AVOIR FAIT UNE CRIS E,dit avoir fait une cris e,True,auto-syntax
DIT AVOIR FAIT UNE CRISE,dit avoir fait une crise,True,auto-syntax
DIT AVOIR LES MAIN MOITE,dit avoir les main moite,True,auto-syntax
DIT AVOIR LES MAINS MOITES,dit avoir les mains moites,True,auto-syntax
DIT AVOIR MAL AU VENTRE,dit avoir mal au ventre,True,auto-syntax
DIT AVOIR SENTI QUELQUE CHOSE,dit avoir senti quelque chose,True,auto-syntax
DIT AVOIR UN COUP DE DESCENTE,dit avoir un coup de descente,True,auto-syntax
DIT AVOIR UNE DECHARCHE AU BRAS GAUCHE,dit avoir une decharche au bras gauche,True,auto-syntax
DIT AVOIR UNE LEGERE SENSATION DANS,dit avoir une legere sensation dans,True,auto-syntax
DIT AVOIR VU UN POINT NOIR OG,dit avoir vu un point noir og,True,auto-syntax
DIT CA VA,dit ca va,True,auto-syntax
DIT NE PAS AVOIR EU DE CRISE,dit ne pas avoir eu de crise,True,auto-syntax
DIT NE PAS SE SENTIR BIEN,dit ne pas se sentir bien,True,auto-syntax
DIT NE PAS SE SENTITR BIEN,dit ne pas se sentitr bien,True,auto-syntax
DIT QU'ELLE VA MIEUX,dit qu'elle va mieux,True,auto-syntax
DIT QU4ELLE VA BIEN,dit qu4elle va bien,True,auto-syntax
DIT QUE CA NE RESEMBLE PAS A UNE CRISE,dit que ca ne resemble pas a une crise,True,auto-syntax
DIT QUE CA NE VA PAS,dit que ca ne va pas,True,auto-syntax
DIT QUE CA TOURNE,dit que ca tourne,True,auto-syntax
DIT QUE CE N EST PAS UNE CRISE,dit que ce n est pas une crise,True,auto-syntax
DIT QUE LES SONS SONT DéQUPLES,dit que les sons sont déquples,True,auto-syntax
DIT QUE RIEN CLINIQUEMENT,dit que rien cliniquement,True,auto-syntax
DIT QUE SA TETE CHAUFFE,dit que sa tete chauffe,True,auto-syntax
DIT QUELQUECHOSE,dit quelquechose,True,auto-syntax
DIT RESSENTIR DES DECHARGES ELECT MI,dit ressentir des decharges elect mi,True,auto-syntax
DIT SE SENTIR BIEN,dit se sentir bien,True,auto-syntax
DIT SE SOUVENIR D4AVOIR FAIT LA CRISE,dit se souvenir d4avoir fait la crise,True,auto-syntax
DIT SENTIR LA CRISE,dit sentir la crise,True,auto-syntax
DORT,dort,True,auto-syntax
DORT 20 sec,dort 20 sec,True,auto-syntax
DORT ras CLINIQUE,dort ras clinique,True,auto-syntax
DOULEUR ARRIER DROITE,douleur arrier droite,True,auto-syntax
DOULEUR ARRIERE TETE DROITE E,douleur arriere tete droite e,True,auto-syntax
DOULEUR EST POASSEE ALE DROITE,douleur est poassee ale droite,True,auto-syntax
DOULEUR MACHOIRE GAUCHE,douleur machoire gauche,True,auto-syntax
DOULEUR TETE TEMPORALE DROITE,douleur tete temporale droite,True,auto-syntax
DYSTONIE MAIN DROITE,dystonie main droite,True,auto-syntax
DYSTONIE MSD IN DOITE,dystonie msd in doite,True,auto-syntax
Debut HPN,debut hpn,True,auto-syntax
Debut HPN 0 sec,debut hpn 0 sec,True,auto-syntax
Debut HPN 0 sec g,debut hpn 0 sec g,True,auto-syntax
Debut HPN MSG,debut hpn msg,True,auto-syntax
Debut HPN TONIQUE,debut hpn tonique,True,auto-syntax
Debut HPN c,debut hpn c,True,auto-syntax
Debut HPN en F9?,debut hpn en f9?,True,auto-syntax
Debut HPN es,debut hpn es,True,auto-syntax
Debut HPN ient 1,debut hpn ient 1,True,auto-syntax
Debut HPN ient 2,debut hpn ient 2,True,auto-syntax
Debut HPN ient 3,debut hpn ient 3,True,auto-syntax
Debut HPN ient 4,debut hpn ient 4,True,auto-syntax
Debut HPN mal g,debut hpn mal g,True,auto-syntax
Debut HPN nt genou gch,debut hpn nt genou gch,True,auto-syntax
Debut HPN pause,debut hpn pause,True,auto-syntax
Debut HPN ras,debut hpn ras,True,auto-syntax
Debut HPN s,debut hpn s,True,auto-syntax
Debut HPN s l G?,debut hpn s l g?,True,auto-syntax
Debut HPN sonne,debut hpn sonne,True,auto-syntax
Debut HPN utton,debut hpn utton,True,auto-syntax
Delta rythmique Temp G,delta rythmique temp g,True,auto-syntax
Demandé de retenir bateau,demandé de retenir bateau,True,auto-syntax
Demandé de retenir montre,demandé de retenir montre,True,auto-syntax
Dents de scie ?,dents de scie?,True,auto-syntax
Des yeux,des yeux,True,auto-syntax
Difficulté d'articulation,difficulté d'articulation,True,auto-syntax
Difficulté d'élocution,difficulté d'élocution,True,auto-syntax
"Difficulté d'élocution, parle tout bas","difficulté d'élocution, parle tout bas",True,auto-syntax
Difficulté à dire le mot genou,difficulté à dire le mot genou,True,auto-syntax
Difficulté à réaliser l'Hpn,difficulté à réaliser l'hpn,True,auto-syntax
Difficultés à parler,difficultés à parler,True,auto-syntax
Dificulté à articulé,dificulté à articulé,True,auto-syntax
Dis avoir ressenti une irritabilité,dis avoir ressenti une irritabilité,True,auto-syntax
Dit avoir l'hémicorps droit gelé,dit avoir l'hémicorps droit gelé,True,auto-syntax
"Dit avoir ressenti un flash ""personnage","dit avoir ressenti un flash ""personnage",True,auto-syntax
Dit qu'elle a des vertiges,dit qu'elle a des vertiges,True,auto-syntax
Dit qu'elle s'appel Charlotte,dit qu'elle s'appel charlotte,True,auto-syntax
Dit qu'elle était comme dans un rêve,dit qu'elle était comme dans un rêve,True,auto-syntax
Dit que ca va et qu'elle dormait,dit que ca va et qu'elle dormait,True,auto-syntax
Dit que ca va ne ressent rien,dit que ca va ne ressent rien,True,auto-syntax
Dit que son coeur s'emballe,dit que son coeur s'emballe,True,auto-syntax
Dit resentir des sensations avant,dit resentir des sensations avant,True,auto-syntax
Dit resentir un tremblement jbe gch,dit resentir un tremblement jbe gch,True,auto-syntax
Dit son nom,dit son nom,True,auto-syntax
"Dit son nom, prénom","dit son nom, prénom",True,auto-syntax
Dit son âge,dit son âge,True,auto-syntax
Droite,droite,True,auto-syntax
Droite!,droite!,True,auto-syntax
Dystonie Mb sup dt,dystonie mb sup dt,True,auto-syntax
Début HPN,début hpn,True,auto-syntax
Début SLI,début sli,True,auto-syntax
Début Temps calme,début temps calme,True,auto-syntax
Début crise?,début crise?,True,auto-syntax
Début de crise,début de crise,True,auto-syntax
Début de crise ?,début de crise?,True,auto-syntax
Début de crise ??,début de crise?,True,auto-syntax
Début de crise?,début de crise?,True,auto-syntax
Début exact?,début exact?,True,auto-syntax
"Début hyperpnée, interrommpue par crise","début hyperpnée, interrommpue par crise",True,auto-syntax
Début protocole k448,début protocole k448,True,auto-syntax
Début sieste,début sieste,True,auto-syntax
Décharge,décharge,True,auto-syntax
Décharge 2,décharge 2,True,auto-syntax
Décharge ?,décharge?,True,auto-syntax
Décharge FTG,décharge ftg,True,auto-syntax
Décharge au niveau du coeur,décharge au niveau du coeur,True,auto-syntax
Décharge crise?,décharge crise?,True,auto-syntax
Décharge ec,décharge ec,True,auto-syntax
Décharge infra clinique,décharge infra clinique,True,auto-syntax
Décharge infraclinique,décharge infraclinique,True,auto-syntax
Décharge infraclinique 1,décharge infraclinique 1,True,auto-syntax
Décharge infraclinique 3,décharge infraclinique 3,True,auto-syntax
Décharge infraclinique 5,décharge infraclinique 5,True,auto-syntax
Décharge infraclinique 6,décharge infraclinique 6,True,auto-syntax
Décharge infralcinique 4,décharge infralcinique 4,True,auto-syntax
Décharge mixte,décharge mixte,True,auto-syntax
Décharge rapide,décharge rapide,True,auto-syntax
Décharge rapide?,décharge rapide?,True,auto-syntax
Décharge rr avec ouverture des yeux ?,décharge rr avec ouverture des yeux?,True,auto-syntax
Déchiffre Mi-cro-med,déchiffre mi cro med,True,auto-syntax
Décrit un engourdissement Bras droit,décrit un engourdissement bras droit,True,auto-syntax
Décrit une sens. de vibration Bras droi,décrit une sens. de vibration bras droi,True,auto-syntax
Décrit une vision floue côté droit,décrit une vision floue côté droit,True,auto-syntax
Déglutit,déglutit,True,auto-syntax
Déglutit 60 sec,déglutit 60 sec,True,auto-syntax
Déglutit ec,déglutit ec,True,auto-syntax
Déglutit pied gch,déglutit pied gch,True,auto-syntax
Déjeuner,déjeuner,True,auto-syntax
Dénomme,dénomme,True,auto-syntax
Dénomme bien,dénomme bien,True,auto-syntax
Dénomme le stylo,dénomme le stylo,True,auto-syntax
Dénomme le téléphone portable,dénomme le téléphone portable,True,auto-syntax
Désigne le stylo,désigne le stylo,True,auto-syntax
Dîner,dîner,True,auto-syntax
ECG 2 = VNS,ecg 2 = vns,True,auto-syntax
ECG 2 = vns,ecg 2 = vns,True,auto-syntax
ELECTRICITE QUI MONTE DS JAMBE ET BRAS,electricite qui monte ds jambe et bras,True,auto-syntax
ELLE DIT MVT MAIN ET JAMBE,elle dit mvt main et jambe,True,auto-syntax
EMG 2= VNS,emg 2= vns,True,auto-syntax
EMG 3 = vns,emg 3 = vns,True,auto-syntax
EMG 3= VNS,emg 3= vns,True,auto-syntax
ENDORMISSEMENT,endormissement,True,auto-syntax
ENLEVE LE HAUT DE SON PYJAMA,enleve le haut de son pyjama,True,auto-syntax
ENTRETIEN MEDICAL,entretien medical,True,auto-syntax
ENTRETRIEN PSY,entretrien psy,True,auto-syntax
ENVIE D URINER,envie d uriner,True,auto-syntax
ET DANS LES MAINS,et dans les mains,True,auto-syntax
ETEINT LA TELE,eteint la tele,True,auto-syntax
ETERNU,eternu,True,auto-syntax
ETERNUE,eternue,True,auto-syntax
EVEIL,eveil,True,auto-syntax
EVEIL?,eveil?,True,auto-syntax
EXAMEN CLINIQUE,examen clinique,True,auto-syntax
EXAMEN NEUROLOGIQUE,examen neurologique,True,auto-syntax
EXEXUTE LA CONSIGNE YF,exexute la consigne yf,True,auto-syntax
EXTRASYSTOLE,extrasystole,True,auto-syntax
Electrode verifiee,electrode verifiee,True,auto-syntax
Electrode vérifiée,electrode vérifiée,True,auto-syntax
Elements lents temporaux G,elements lents temporaux g,True,auto-syntax
Elevation du pouls,elevation du pouls,True,auto-syntax
Elle cherche ses mots,elle cherche ses mots,True,auto-syntax
Elle crie,elle crie,True,auto-syntax
Elle dénomme le stylo,elle dénomme le stylo,True,auto-syntax
Elle dénomme les clés,elle dénomme les clés,True,auto-syntax
Elle prend le début de ses traitements,elle prend le début de ses traitements,True,auto-syntax
Elle sourit,elle sourit,True,auto-syntax
Elévation dystonique MSD (G caché),elévation dystonique msd (g caché),True,auto-syntax
En DLD gauche sous couverture,en dld gauche sous couverture,True,auto-syntax
En miroire et en meme temps a droite,en miroire et en meme temps a droite,True,auto-syntax
Engourdissement main dte+ spasmes muscu,engourdissement main dte+ spasmes muscu,True,auto-syntax
Entretien Médical,entretien médical,True,auto-syntax
Entretien médical,entretien médical,True,auto-syntax
Entrée AS (récupère plateau),entrée as (récupère plateau),True,auto-syntax
Etat Normal,etat normal,True,auto-syntax
Etat de mal 30 minutes,etat de mal 30 minutes,True,auto-syntax
Eveil,eveil,True,auto-syntax
Eveil SP,eveil sp,True,auto-syntax
Eveil en sursaut,eveil en sursaut,True,auto-syntax
Eveil physiologique,eveil physiologique,True,auto-syntax
"Eveil, puis contraction machoire","eveil, puis contraction machoire",True,auto-syntax
Eveils ?,eveils?,True,auto-syntax
Examen Clinique,examen clinique,True,auto-syntax
Examen Clinique Post Chute,examen clinique post chute,True,auto-syntax
Examen médical,examen médical,True,auto-syntax
Examen neurologique,examen neurologique,True,auto-syntax
Exercice denomination,exercice denomination,True,auto-syntax
Explication de la sensation de la crise,explication de la sensation de la crise,True,auto-syntax
"Explore du regard, à G puis devant (à D","explore du regard, à g puis devant (à d",True,auto-syntax
F puis OdY,f puis ody,True,auto-syntax
F10,f10,True,auto-syntax
F10 TP10 F9 recollées,f10 tp10 f9 recollées,True,auto-syntax
F10?,f10?,True,auto-syntax
F3 bien en place branchements : RAS,f3 bien en place branchements: ras,True,auto-syntax
F4,f4,True,auto-syntax
F4 et F3,f4 et f3,True,auto-syntax
F4 puis décharge,f4 puis décharge,True,auto-syntax
F7,f7,True,auto-syntax
F7 T3,f7 t3,True,auto-syntax
F7!,f7!,True,auto-syntax
F7T3,f7t3,True,auto-syntax
F8,f8,True,auto-syntax
F8 artefact?,f8 artefact?,True,auto-syntax
F9,f9,True,auto-syntax
F9 et F7F10 (attention montage),f9 et f7f10 (attention montage),True,auto-syntax
FERME LES YEUX,ferme les yeux,True,auto-syntax
FILS,fils,True,auto-syntax
FIN,fin,True,auto-syntax
FIN DE LA SENSATION,fin de la sensation,True,auto-syntax
FIN DU MOUVEMENT,fin du mouvement,True,auto-syntax
FIN FPN,fin fpn,True,auto-syntax
FIN HPN,fin hpn,True,auto-syntax
FIN HPN MSD IN DOITE,fin hpn msd in doite,True,auto-syntax
FIN INJECTION,fin injection,True,auto-syntax
FIN INTERROGATOIRE MEDICAL,fin interrogatoire medical,True,auto-syntax
FIN TEMPS CALME,fin temps calme,True,auto-syntax
FIXE SON TEL,fixe son tel,True,auto-syntax
FL,fl,True,auto-syntax
FL D,fl d,True,auto-syntax
FL et pointe plus marquée et abondante,fl et pointe plus marquée et abondante,True,auto-syntax
FL frontale,fl frontale,True,auto-syntax
FL g,fl g,True,auto-syntax
FL g F7 T3,fl g f7 t3,True,auto-syntax
FL gauche,fl gauche,True,auto-syntax
FLATULENCES FRONT TE,flatulences front te,True,auto-syntax
FLg,flg,True,auto-syntax
FOURMILLEMENTS,fourmillements,True,auto-syntax
FRONCE LES YEUX,fronce les yeux,True,auto-syntax
FROTTE LA TETE,frotte la tete,True,auto-syntax
FT Dt,ft dt,True,auto-syntax
Fausse alarme ? en rangeant les cables,fausse alarme? en rangeant les cables,True,auto-syntax
Ferme les yeux à deux reprises,ferme les yeux à deux reprises,True,auto-syntax
Fi n HPN,fi n hpn,True,auto-syntax
Fin ? de dos,fin? de dos,True,auto-syntax
Fin HPN,fin hpn,True,auto-syntax
Fin HPN N,fin hpn n,True,auto-syntax
Fin HPN S,fin hpn s,True,auto-syntax
Fin HPN c,fin hpn c,True,auto-syntax
Fin HPN ec,fin hpn ec,True,auto-syntax
Fin HPN n dans le ventre,fin hpn n dans le ventre,True,auto-syntax
Fin HPN sec,fin hpn sec,True,auto-syntax
Fin HPN sec al g,fin hpn sec al g,True,auto-syntax
Fin HPN sec des,fin hpn sec des,True,auto-syntax
Fin HPN sec t genou gch,fin hpn sec t genou gch,True,auto-syntax
Fin HPN sec va vomir,fin hpn sec va vomir,True,auto-syntax
Fin Hpn sec,fin hpn sec,True,auto-syntax
Fin Temps calme,fin temps calme,True,auto-syntax
Fin de crise,fin de crise,True,auto-syntax
Fin de crise?,fin de crise?,True,auto-syntax
Fin examen clinique,fin examen clinique,True,auto-syntax
Fin interrogatoire médical,fin interrogatoire médical,True,auto-syntax
Fin sieste,fin sieste,True,auto-syntax
Fin temps calme,fin temps calme,True,auto-syntax
Fixité du regard,fixité du regard,True,auto-syntax
Flou avec des étoiles à droite,flou avec des étoiles à droite,True,auto-syntax
Fourmillements Côté Gauche te ite,fourmillements côté gauche te ite,True,auto-syntax
Fourmillements Main Dt ET Pied Dt,fourmillements main dt et pied dt,True,auto-syntax
Fourmis pieds bouche et visage,fourmis pieds bouche et visage,True,auto-syntax
Frontal et ligne médiane,frontal et ligne médiane,True,auto-syntax
Frotte face D avec main G,frotte face d avec main g,True,auto-syntax
Frotte tempe droite,frotte tempe droite,True,auto-syntax
Frotte visage,frotte visage,True,auto-syntax
Fuseau? K,fuseau? k,True,auto-syntax
Fz,fz,True,auto-syntax
G,g,True,auto-syntax
G aussi net,g aussi net,True,auto-syntax
G dont temporal,g dont temporal,True,auto-syntax
G et D asynchrones,g et d asynchrones,True,auto-syntax
GAUCHE SEUL,gauche seul,True,auto-syntax
GAUCHE!,gauche!,True,auto-syntax
GENE A DROITE,gene a droite,True,auto-syntax
GOUT METALLIQUE,gout metallique,True,auto-syntax
GOUT METALLIQUE DS LA BOUCHE,gout metallique ds la bouche,True,auto-syntax
GRATE,grate,True,auto-syntax
GRATTE,gratte,True,auto-syntax
GRIMACE,grimace,True,auto-syntax
GROS COUP DE FATIGUE,gros coup de fatigue,True,auto-syntax
Gauche,gauche,True,auto-syntax
Goûter,goûter,True,auto-syntax
Grimace au niveau de la bouche,grimace au niveau de la bouche,True,auto-syntax
H 2-H 3 3.0mA 1.0Hz 3025&#956;sec,h 2 h 3 3.0ma 1.0hz 3025956;sec,True,auto-syntax
HPN,hpn,True,auto-syntax
HPN 100 sec,hpn 100 sec,True,auto-syntax
HPN 100 sec al g,hpn 100 sec al g,True,auto-syntax
HPN 100 sec electrode,hpn 100 sec electrode,True,auto-syntax
HPN 100 sec linique,hpn 100 sec linique,True,auto-syntax
HPN 100 sec nou gch,hpn 100 sec nou gch,True,auto-syntax
HPN 100 sec rifiée,hpn 100 sec rifiée,True,auto-syntax
HPN 100 sec sec g,hpn 100 sec sec g,True,auto-syntax
HPN 100 sec te vers la droite X3,hpn 100 sec te vers la droite x3,True,auto-syntax
HPN 100 sec ton,hpn 100 sec ton,True,auto-syntax
HPN 100 sec up d'electrice genou gch,hpn 100 sec up d'electrice genou gch,True,auto-syntax
HPN 1000 sec,hpn 1000 sec,True,auto-syntax
HPN 1020 sec,hpn 1020 sec,True,auto-syntax
HPN 1040 sec,hpn 1040 sec,True,auto-syntax
HPN 1060 sec,hpn 1060 sec,True,auto-syntax
HPN 1080 sec,hpn 1080 sec,True,auto-syntax
HPN 1100 sec,hpn 1100 sec,True,auto-syntax
HPN 1120 sec,hpn 1120 sec,True,auto-syntax
HPN 1140 sec,hpn 1140 sec,True,auto-syntax
HPN 1160 sec,hpn 1160 sec,True,auto-syntax
HPN 1180 sec,hpn 1180 sec,True,auto-syntax
HPN 120 sec,hpn 120 sec,True,auto-syntax
HPN 120 sec al g,hpn 120 sec al g,True,auto-syntax
HPN 120 sec ant,hpn 120 sec ant,True,auto-syntax
HPN 120 sec electrode,hpn 120 sec electrode,True,auto-syntax
HPN 120 sec linique,hpn 120 sec linique,True,auto-syntax
HPN 120 sec nou gch,hpn 120 sec nou gch,True,auto-syntax
HPN 120 sec sec g,hpn 120 sec sec g,True,auto-syntax
HPN 120 sec te vers la droite,hpn 120 sec te vers la droite,True,auto-syntax
HPN 1200 sec,hpn 1200 sec,True,auto-syntax
HPN 1220 sec,hpn 1220 sec,True,auto-syntax
HPN 1240 sec,hpn 1240 sec,True,auto-syntax
HPN 1260 sec,hpn 1260 sec,True,auto-syntax
HPN 1280 sec,hpn 1280 sec,True,auto-syntax
HPN 1300 sec,hpn 1300 sec,True,auto-syntax
HPN 1320 sec,hpn 1320 sec,True,auto-syntax
HPN 1340 sec,hpn 1340 sec,True,auto-syntax
HPN 1360 sec,hpn 1360 sec,True,auto-syntax
HPN 1380 sec,hpn 1380 sec,True,auto-syntax
HPN 140 sec,hpn 140 sec,True,auto-syntax
HPN 140 sec al g,hpn 140 sec al g,True,auto-syntax
HPN 140 sec e fourmillement,hpn 140 sec e fourmillement,True,auto-syntax
HPN 140 sec electrode,hpn 140 sec electrode,True,auto-syntax
HPN 140 sec linique,hpn 140 sec linique,True,auto-syntax
HPN 140 sec rifiée,hpn 140 sec rifiée,True,auto-syntax
HPN 140 sec sec g,hpn 140 sec sec g,True,auto-syntax
HPN 140 sec te vers la droite,hpn 140 sec te vers la droite,True,auto-syntax
HPN 1400 sec,hpn 1400 sec,True,auto-syntax
HPN 1420 sec,hpn 1420 sec,True,auto-syntax
HPN 1440 sec,hpn 1440 sec,True,auto-syntax
HPN 1460 sec,hpn 1460 sec,True,auto-syntax
HPN 1480 sec,hpn 1480 sec,True,auto-syntax
HPN 150 sec,hpn 150 sec,True,auto-syntax
HPN 1500 sec,hpn 1500 sec,True,auto-syntax
HPN 1520 sec,hpn 1520 sec,True,auto-syntax
HPN 1540 sec,hpn 1540 sec,True,auto-syntax
HPN 1560 sec,hpn 1560 sec,True,auto-syntax
HPN 1580 sec,hpn 1580 sec,True,auto-syntax
HPN 160 sec,hpn 160 sec,True,auto-syntax
HPN 160 sec EN BAS OEiL G PUIS EN HAUT,hpn 160 sec en bas oeil g puis en haut,True,auto-syntax
HPN 160 sec G,hpn 160 sec g,True,auto-syntax
HPN 160 sec IRE HPN,hpn 160 sec ire hpn,True,auto-syntax
HPN 160 sec SONS SONT D2QUPLES,hpn 160 sec sons sont d2quples,True,auto-syntax
HPN 160 sec al g,hpn 160 sec al g,True,auto-syntax
HPN 160 sec ant,hpn 160 sec ant,True,auto-syntax
HPN 160 sec electrode,hpn 160 sec electrode,True,auto-syntax
HPN 160 sec es mains,hpn 160 sec es mains,True,auto-syntax
HPN 160 sec ion sur tapping,hpn 160 sec ion sur tapping,True,auto-syntax
HPN 160 sec linique,hpn 160 sec linique,True,auto-syntax
HPN 160 sec sec g,hpn 160 sec sec g,True,auto-syntax
HPN 160 sec te vers la droite,hpn 160 sec te vers la droite,True,auto-syntax
HPN 160 sec ts bras gauche,hpn 160 sec ts bras gauche,True,auto-syntax
HPN 1600 sec,hpn 1600 sec,True,auto-syntax
HPN 1620 sec,hpn 1620 sec,True,auto-syntax
HPN 1640 sec,hpn 1640 sec,True,auto-syntax
HPN 1660 sec,hpn 1660 sec,True,auto-syntax
HPN 1680 sec,hpn 1680 sec,True,auto-syntax
HPN 1700 sec,hpn 1700 sec,True,auto-syntax
HPN 1720 sec,hpn 1720 sec,True,auto-syntax
HPN 1740 sec,hpn 1740 sec,True,auto-syntax
HPN 1760 sec,hpn 1760 sec,True,auto-syntax
HPN 1780 sec,hpn 1780 sec,True,auto-syntax
HPN 180 sec,hpn 180 sec,True,auto-syntax
HPN 180 sec EN BAS OEUL G,hpn 180 sec en bas oeul g,True,auto-syntax
HPN 180 sec RETE DE FAIRE HPN,hpn 180 sec rete de faire hpn,True,auto-syntax
HPN 180 sec TOURNE COTE DROIT,hpn 180 sec tourne cote droit,True,auto-syntax
HPN 180 sec al g,hpn 180 sec al g,True,auto-syntax
HPN 180 sec electrode,hpn 180 sec electrode,True,auto-syntax
HPN 180 sec es pieds,hpn 180 sec es pieds,True,auto-syntax
HPN 180 sec n ras,hpn 180 sec n ras,True,auto-syntax
HPN 1800 sec,hpn 1800 sec,True,auto-syntax
HPN 1820 sec,hpn 1820 sec,True,auto-syntax
HPN 1840 sec,hpn 1840 sec,True,auto-syntax
HPN 1860 sec,hpn 1860 sec,True,auto-syntax
HPN 1880 sec,hpn 1880 sec,True,auto-syntax
HPN 1900 sec,hpn 1900 sec,True,auto-syntax
HPN 1920 sec,hpn 1920 sec,True,auto-syntax
HPN 1940 sec,hpn 1940 sec,True,auto-syntax
HPN 1960 sec,hpn 1960 sec,True,auto-syntax
HPN 1980 sec,hpn 1980 sec,True,auto-syntax
HPN 20 sec,hpn 20 sec,True,auto-syntax
HPN 20 sec UROMETRE,hpn 20 sec urometre,True,auto-syntax
HPN 20 sec ause,hpn 20 sec ause,True,auto-syntax
HPN 20 sec ent 2,hpn 20 sec ent 2,True,auto-syntax
HPN 20 sec ent 3,hpn 20 sec ent 3,True,auto-syntax
HPN 20 sec ent 4,hpn 20 sec ent 4,True,auto-syntax
HPN 20 sec l G?,hpn 20 sec l g?,True,auto-syntax
HPN 20 sec mal g,hpn 20 sec mal g,True,auto-syntax
HPN 20 sec n electrode,hpn 20 sec n electrode,True,auto-syntax
HPN 20 sec onne,hpn 20 sec onne,True,auto-syntax
HPN 20 sec sec,hpn 20 sec sec,True,auto-syntax
HPN 20 sec sec g,hpn 20 sec sec g,True,auto-syntax
HPN 20 sec tton,hpn 20 sec tton,True,auto-syntax
HPN 200 sec,hpn 200 sec,True,auto-syntax
HPN 200 sec al g,hpn 200 sec al g,True,auto-syntax
HPN 200 sec e au bruit,hpn 200 sec e au bruit,True,auto-syntax
HPN 200 sec ient pas a expliquer ce qui,hpn 200 sec ient pas a expliquer ce qui,True,auto-syntax
HPN 200 sec nsation,hpn 200 sec nsation,True,auto-syntax
HPN 200 sec oeil,hpn 200 sec oeil,True,auto-syntax
HPN 200 sec sec,hpn 200 sec sec,True,auto-syntax
HPN 200 sec t genou gch pareil,hpn 200 sec t genou gch pareil,True,auto-syntax
HPN 2000 sec,hpn 2000 sec,True,auto-syntax
HPN 2020 sec,hpn 2020 sec,True,auto-syntax
HPN 2040 sec,hpn 2040 sec,True,auto-syntax
HPN 2060 sec,hpn 2060 sec,True,auto-syntax
HPN 2080 sec,hpn 2080 sec,True,auto-syntax
HPN 210 sec,hpn 210 sec,True,auto-syntax
HPN 2100 sec,hpn 2100 sec,True,auto-syntax
HPN 2120 sec,hpn 2120 sec,True,auto-syntax
HPN 2140 sec,hpn 2140 sec,True,auto-syntax
HPN 2160 sec,hpn 2160 sec,True,auto-syntax
HPN 2180 sec,hpn 2180 sec,True,auto-syntax
HPN 220 sec,hpn 220 sec,True,auto-syntax
HPN 220 sec AIN DOITE,hpn 220 sec ain doite,True,auto-syntax
HPN 220 sec ENSATION DE VERTIGES,hpn 220 sec ensation de vertiges,True,auto-syntax
HPN 220 sec OREILLE,hpn 220 sec oreille,True,auto-syntax
HPN 220 sec UD AUX OREILLES,hpn 220 sec ud aux oreilles,True,auto-syntax
HPN 220 sec al g,hpn 220 sec al g,True,auto-syntax
HPN 220 sec e au bruit,hpn 220 sec e au bruit,True,auto-syntax
HPN 220 sec te vers la droite,hpn 220 sec te vers la droite,True,auto-syntax
HPN 220 sec va vomir,hpn 220 sec va vomir,True,auto-syntax
HPN 2200 sec,hpn 2200 sec,True,auto-syntax
HPN 2220 sec,hpn 2220 sec,True,auto-syntax
HPN 2240 sec,hpn 2240 sec,True,auto-syntax
HPN 2260 sec,hpn 2260 sec,True,auto-syntax
HPN 2280 sec,hpn 2280 sec,True,auto-syntax
HPN 2300 sec,hpn 2300 sec,True,auto-syntax
HPN 2320 sec,hpn 2320 sec,True,auto-syntax
HPN 2340 sec,hpn 2340 sec,True,auto-syntax
HPN 2360 sec,hpn 2360 sec,True,auto-syntax
HPN 2380 sec,hpn 2380 sec,True,auto-syntax
HPN 240 sec,hpn 240 sec,True,auto-syntax
HPN 240 sec aigu à droite et en central,hpn 240 sec aigu à droite et en central,True,auto-syntax
HPN 240 sec al g,hpn 240 sec al g,True,auto-syntax
HPN 240 sec g,hpn 240 sec g,True,auto-syntax
HPN 240 sec nou droit,hpn 240 sec nou droit,True,auto-syntax
HPN 240 sec ortable,hpn 240 sec ortable,True,auto-syntax
HPN 240 sec t genou gch,hpn 240 sec t genou gch,True,auto-syntax
HPN 240 sec te vers la droite,hpn 240 sec te vers la droite,True,auto-syntax
HPN 260 sec,hpn 260 sec,True,auto-syntax
HPN 260 sec al g,hpn 260 sec al g,True,auto-syntax
HPN 260 sec des,hpn 260 sec des,True,auto-syntax
HPN 270 sec,hpn 270 sec,True,auto-syntax
HPN 280 sec,hpn 280 sec,True,auto-syntax
HPN 280 sec al g,hpn 280 sec al g,True,auto-syntax
HPN 30 sec,hpn 30 sec,True,auto-syntax
HPN 300 sec,hpn 300 sec,True,auto-syntax
HPN 300 sec al g,hpn 300 sec al g,True,auto-syntax
HPN 320 sec,hpn 320 sec,True,auto-syntax
HPN 340 sec,hpn 340 sec,True,auto-syntax
HPN 360 sec,hpn 360 sec,True,auto-syntax
HPN 380 sec,hpn 380 sec,True,auto-syntax
HPN 40 sec,hpn 40 sec,True,auto-syntax
HPN 40 sec ause,hpn 40 sec ause,True,auto-syntax
HPN 40 sec ent 4,hpn 40 sec ent 4,True,auto-syntax
HPN 40 sec mal g,hpn 40 sec mal g,True,auto-syntax
HPN 40 sec n electrode,hpn 40 sec n electrode,True,auto-syntax
HPN 40 sec onne,hpn 40 sec onne,True,auto-syntax
HPN 40 sec sec,hpn 40 sec sec,True,auto-syntax
HPN 40 sec sec g,hpn 40 sec sec g,True,auto-syntax
HPN 40 sec tton,hpn 40 sec tton,True,auto-syntax
HPN 400 sec,hpn 400 sec,True,auto-syntax
HPN 420 sec,hpn 420 sec,True,auto-syntax
HPN 440 sec,hpn 440 sec,True,auto-syntax
HPN 460 sec,hpn 460 sec,True,auto-syntax
HPN 480 sec,hpn 480 sec,True,auto-syntax
HPN 500 sec,hpn 500 sec,True,auto-syntax
HPN 520 sec,hpn 520 sec,True,auto-syntax
HPN 540 sec,hpn 540 sec,True,auto-syntax
HPN 560 sec,hpn 560 sec,True,auto-syntax
HPN 580 sec,hpn 580 sec,True,auto-syntax
HPN 60 sec,hpn 60 sec,True,auto-syntax
HPN 60 sec electrode,hpn 60 sec electrode,True,auto-syntax
HPN 60 sec ent 1,hpn 60 sec ent 1,True,auto-syntax
HPN 60 sec ent 4,hpn 60 sec ent 4,True,auto-syntax
HPN 60 sec mal g,hpn 60 sec mal g,True,auto-syntax
HPN 60 sec n electrode,hpn 60 sec n electrode,True,auto-syntax
HPN 60 sec onne,hpn 60 sec onne,True,auto-syntax
HPN 60 sec sec g,hpn 60 sec sec g,True,auto-syntax
HPN 60 sec tton,hpn 60 sec tton,True,auto-syntax
HPN 600 sec,hpn 600 sec,True,auto-syntax
HPN 620 sec,hpn 620 sec,True,auto-syntax
HPN 640 sec,hpn 640 sec,True,auto-syntax
HPN 660 sec,hpn 660 sec,True,auto-syntax
HPN 680 sec,hpn 680 sec,True,auto-syntax
HPN 700 sec,hpn 700 sec,True,auto-syntax
HPN 720 sec,hpn 720 sec,True,auto-syntax
HPN 740 sec,hpn 740 sec,True,auto-syntax
HPN 760 sec,hpn 760 sec,True,auto-syntax
HPN 780 sec,hpn 780 sec,True,auto-syntax
HPN 80 sec,hpn 80 sec,True,auto-syntax
HPN 80 sec RRETE DE FAIRE L'HPN,hpn 80 sec rrete de faire l'hpn,True,auto-syntax
HPN 80 sec clinique,hpn 80 sec clinique,True,auto-syntax
HPN 80 sec mal g,hpn 80 sec mal g,True,auto-syntax
HPN 80 sec n electrode,hpn 80 sec n electrode,True,auto-syntax
HPN 80 sec sec g,hpn 80 sec sec g,True,auto-syntax
HPN 80 sec tton,hpn 80 sec tton,True,auto-syntax
HPN 80 sec up d'electricite,hpn 80 sec up d'electricite,True,auto-syntax
HPN 800 sec,hpn 800 sec,True,auto-syntax
HPN 820 sec,hpn 820 sec,True,auto-syntax
HPN 840 sec,hpn 840 sec,True,auto-syntax
HPN 860 sec,hpn 860 sec,True,auto-syntax
HPN 880 sec,hpn 880 sec,True,auto-syntax
HPN 90 sec,hpn 90 sec,True,auto-syntax
HPN 900 sec,hpn 900 sec,True,auto-syntax
HPN 920 sec,hpn 920 sec,True,auto-syntax
HPN 940 sec,hpn 940 sec,True,auto-syntax
HPN 960 sec,hpn 960 sec,True,auto-syntax
HPN 980 sec,hpn 980 sec,True,auto-syntax
HURLE,hurle,True,auto-syntax
Hausse sourcils,hausse sourcils,True,auto-syntax
Hesitation sur tapping,hesitation sur tapping,True,auto-syntax
IDE de nuit,ide de nuit,True,auto-syntax
IDEM,idem,True,auto-syntax
IDENTIFIE,identifie,True,auto-syntax
IMPRESSION DE LEGERTE,impression de legerte,True,auto-syntax
IMPRESSION DE TETE LOURDE,impression de tete lourde,True,auto-syntax
INJECTION LAROXYL,injection laroxyl,True,auto-syntax
INTERROGATIRE,interrogatire,True,auto-syntax
INTERROGATOIRE,interrogatoire,True,auto-syntax
INTERROGATOIRE MEDICAL,interrogatoire medical,True,auto-syntax
INTERROGATOIRE TECHNICIENNE,interrogatoire technicienne,True,auto-syntax
Ide lui demande si ca va?,ide lui demande si ca va?,True,auto-syntax
Idem,idem,True,auto-syntax
Il décrit une sensation de picotement,il décrit une sensation de picotement,True,auto-syntax
Immobile,immobile,True,auto-syntax
"Immobile, sans hypertonie","immobile, sans hypertonie",True,auto-syntax
Impression de voir de la lumière,impression de voir de la lumière,True,auto-syntax
"Inintelligible, semble vouloir rentrer","inintelligible, semble vouloir rentrer",True,auto-syntax
Injection Laroxyl,injection laroxyl,True,auto-syntax
Interro médic et explication sensation,interro médic et explication sensation,True,auto-syntax
Interrogatoire,interrogatoire,True,auto-syntax
Interrogatoire Dr Marchi,interrogatoire dr marchi,True,auto-syntax
Interrogatoire Médical,interrogatoire médical,True,auto-syntax
Interrogatoire medical,interrogatoire medical,True,auto-syntax
Interrogatoire médical,interrogatoire médical,True,auto-syntax
Interrogatoire médical et annonce D,interrogatoire médical et annonce d,True,auto-syntax
Interrogatoire médicale,interrogatoire médicale,True,auto-syntax
Interrogatoire oid dans hemi droit,interrogatoire oid dans hemi droit,True,auto-syntax
Interrogatoire ok,interrogatoire ok,True,auto-syntax
"J'ai chaud, mais d'habitude je tremble","j'ai chaud, mais d'habitude je tremble",True,auto-syntax
J3 d'enregistrement,j3 d'enregistrement,True,auto-syntax
JARGONNE,jargonne,True,auto-syntax
JOUE AVEC TELEPH,joue avec teleph,True,auto-syntax
Joue avec la télécommande,joue avec la télécommande,True,auto-syntax
K complex,k complex,True,auto-syntax
K complex et fuseau,k complex et fuseau,True,auto-syntax
K complex et fuseaux,k complex et fuseaux,True,auto-syntax
KISSING SD MSG UX TE,kissing sd msg ux te,True,auto-syntax
L'Ide lui donne l'Urbanyl,l'ide lui donne l'urbanyl,True,auto-syntax
LA MACHOIRE(decharge electriq),la machoire(decharge electriq),True,auto-syntax
LA MAMAN SIGNALE MVT MAIN D,la maman signale mvt main d,True,auto-syntax
LECTURE,lecture,True,auto-syntax
LECTURE LANGUE,lecture langue,True,auto-syntax
LENT,lent,True,auto-syntax
LENT 0 G,lent 0 g,True,auto-syntax
LENT G,lent g,True,auto-syntax
LENT RYTHMIQUE td,lent rythmique td,True,auto-syntax
LEV7,lev7,True,auto-syntax
LEVE LES MI,leve les mi,True,auto-syntax
LEVE LES MS SUE IMITATION,leve les ms sue imitation,True,auto-syntax
LIT MAIS N'EXECUTE PAS,lit mais n'execute pas,True,auto-syntax
La Pa serait à 18/9 !,la pa serait à 18/9!,True,auto-syntax
La lecture est fluide,la lecture est fluide,True,auto-syntax
La tête qui tourne vers la droite,la tête qui tourne vers la droite,True,auto-syntax
Lambda et Mu?,lambda et mu?,True,auto-syntax
Le langage revient,le langage revient,True,auto-syntax
Lecture,lecture,True,auto-syntax
Lecture ok,lecture ok,True,auto-syntax
Lent,lent,True,auto-syntax
Lent ?,lent?,True,auto-syntax
Lent temporal G,lent temporal g,True,auto-syntax
Lent à droite,lent à droite,True,auto-syntax
Lent à droite. Et pointes fronto temp D,lent à droite. et pointes fronto temp d,True,auto-syntax
Les P semblent prédominer à G,les p semblent prédominer à g,True,auto-syntax
Les mains sont mouillées,les mains sont mouillées,True,auto-syntax
Les paupière papillotent,les paupière papillotent,True,auto-syntax
Les paupière papillottent,les paupière papillottent,True,auto-syntax
Les secousses es sensations avant,les secousses es sensations avant,True,auto-syntax
Les yeux dévient vers la droite,les yeux dévient vers la droite,True,auto-syntax
Les yeux qui partent à droite,les yeux qui partent à droite,True,auto-syntax
Leve le bras droit,leve le bras droit,True,auto-syntax
Lève tête sur la gauche,lève tête sur la gauche,True,auto-syntax
Lève tête à droite,lève tête à droite,True,auto-syntax
M,m,True,auto-syntax
"MA s'arrêtent et reprennent, asymétriqu","ma s'arrêtent et reprennent, asymétriqu",True,auto-syntax
MACHONNE,machonne,True,auto-syntax
MACHONNE ET TOUSSE,machonne et tousse,True,auto-syntax
MAINS LEGEREMENT MOITES,mains legerement moites,True,auto-syntax
MAINS MOITES,mains moites,True,auto-syntax
MAIS NE PEUT LE DECRIRE,mais ne peut le decrire,True,auto-syntax
MANGE,mange,True,auto-syntax
MEMEOIRE TESTEE,memeoire testee,True,auto-syntax
MI OK,mi ok,True,auto-syntax
MICRO EVEIL,micro eveil,True,auto-syntax
MICRO R2VEIL,micro r2veil,True,auto-syntax
MICRO REVEIL,micro reveil,True,auto-syntax
MIG bouge,mig bouge,True,auto-syntax
MO,mo,True,auto-syntax
MO BOUGE,mo bouge,True,auto-syntax
MO HPN sec,mo hpn sec,True,auto-syntax
MO hpn,mo hpn,True,auto-syntax
MO t HPN 20 sec,mo t hpn 20 sec,True,auto-syntax
MO ut de crise?,mo ut de crise?,True,auto-syntax
MODIFICATION DU RYTHM RESPIRATOIRE,modification du rythm respiratoire,True,auto-syntax
MOTRICITE,motricite,True,auto-syntax
MOTRICITE LES MAIN MOITE,motricite les main moite,True,auto-syntax
MOTRICITE OK,motricite ok,True,auto-syntax
MOUVEMENT MAIN D,mouvement main d,True,auto-syntax
MOUVEMENT MAIN DROITE,mouvement main droite,True,auto-syntax
MOUVEMENT de la BOUCHE,mouvement de la bouche,True,auto-syntax
MOUVEMENTS BUCCAUX TE,mouvements buccaux te,True,auto-syntax
MOUVEMENTS MS D,mouvements ms d,True,auto-syntax
MU,mu,True,auto-syntax
MU SERRE LES POINGS,mu serre les poings,True,auto-syntax
MU ou patho?,mu ou patho?,True,auto-syntax
MU?,mu?,True,auto-syntax
MU? ??,mu?,True,auto-syntax
MVT BOUCHE PARLE?,mvt bouche parle?,True,auto-syntax
MVT BRAS,mvt bras,True,auto-syntax
MVT BRUSQUE,mvt brusque,True,auto-syntax
MVT CORPS,mvt corps,True,auto-syntax
MVT DES LEVRES,mvt des levres,True,auto-syntax
MVT DU BRAS GAUCHE,mvt du bras gauche,True,auto-syntax
MVT DÛ AU TAPPING,mvt dû au tapping,True,auto-syntax
MVT MB SUP X2,mvt mb sup x2,True,auto-syntax
MVT MID,mvt mid,True,auto-syntax
MVT PALPEBRAUX,mvt palpebraux,True,auto-syntax
MVT PIED G,mvt pied g,True,auto-syntax
MVT POUCE G,mvt pouce g,True,auto-syntax
MVT TETE,mvt tete,True,auto-syntax
MVT du MSG,mvt du msg,True,auto-syntax
MVTS MUSCLES DE LA BOUCHE,mvts muscles de la bouche,True,auto-syntax
MYCLONIE,myclonie,True,auto-syntax
MYCLONIE G,myclonie g,True,auto-syntax
MYCLONIES MSG,myclonies msg,True,auto-syntax
MYO PALP,myo palp,True,auto-syntax
MYOCLONIE,myoclonie,True,auto-syntax
MYOCLONIE EPAULE G,myoclonie epaule g,True,auto-syntax
MYOCLONIE G,myoclonie g,True,auto-syntax
MYOCLONIE MAIN D,myoclonie main d,True,auto-syntax
MYOCLONIE MAIN G,myoclonie main g,True,auto-syntax
MYOCLONIE MSD,myoclonie msd,True,auto-syntax
MYOCLONIE MSG,myoclonie msg,True,auto-syntax
MYOCLONIE MSG??????,myoclonie msg?,True,auto-syntax
MYOCLONIE?,myoclonie?,True,auto-syntax
MYOCLONIES,myoclonies,True,auto-syntax
MYOCLONIES D,myoclonies d,True,auto-syntax
MYOCLONIES D?,myoclonies d?,True,auto-syntax
MYOCLONIES MAIN G,myoclonies main g,True,auto-syntax
MYOCLONIES MSG,myoclonies msg,True,auto-syntax
MYOCLONIES PALP,myoclonies palp,True,auto-syntax
MYOCLONIES PALPEBRALES,myoclonies palpebrales,True,auto-syntax
MYOCLONIES g,myoclonies g,True,auto-syntax
MYOCLONIES msg,myoclonies msg,True,auto-syntax
MYOCLONOE MSG,myoclonoe msg,True,auto-syntax
MYOVLONIE MSG,myovlonie msg,True,auto-syntax
"Mache, face D non visible","mache, face d non visible",True,auto-syntax
Machonne,machonne,True,auto-syntax
Machonnement,machonnement,True,auto-syntax
Malaise + Interrogatoire,malaise + interrogatoire,True,auto-syntax
Mange,mange,True,auto-syntax
Mange puis s'arrête,mange puis s'arrête,True,auto-syntax
Mange rtefact?,mange rtefact?,True,auto-syntax
Micro réveil?crise?,micro réveil?crise?,True,auto-syntax
"Mini cont G, puis claires à D, somnole","mini cont g, puis claires à d, somnole",True,auto-syntax
Mixte secc D puis décharge &#956; G,mixte secc d puis décharge 956; g,True,auto-syntax
Mots croisés,mots croisés,True,auto-syntax
Mouvement bras droit,mouvement bras droit,True,auto-syntax
Mouvement bras gch ds,mouvement bras gch ds,True,auto-syntax
Mouvement corps,mouvement corps,True,auto-syntax
Mouvement de balancement du tronc et tê,mouvement de balancement du tronc et tê,True,auto-syntax
Mouvement des 2 pieds,mouvement des 2 pieds,True,auto-syntax
Mouvement des jambes,mouvement des jambes,True,auto-syntax
Mouvement des mains,mouvement des mains,True,auto-syntax
Mouvement du corps,mouvement du corps,True,auto-syntax
Mouvement main gauche,mouvement main gauche,True,auto-syntax
Mouvement pied gauche,mouvement pied gauche,True,auto-syntax
Mouvement pied gch,mouvement pied gch,True,auto-syntax
Mouvement pouce droit,mouvement pouce droit,True,auto-syntax
Mouvement tout le corps,mouvement tout le corps,True,auto-syntax
Mouvements circulaire bouche,mouvements circulaire bouche,True,auto-syntax
Mouvements commissure labiale G,mouvements commissure labiale g,True,auto-syntax
"Moyennés 0, Rejetés 0","moyennés 0, rejetés 0",True,auto-syntax
Mu?,mu?,True,auto-syntax
Mvt MIG,mvt mig,True,auto-syntax
Mvt MSD,mvt msd,True,auto-syntax
"Mvt bouche, pratte nez puis cou main D","mvt bouche, pratte nez puis cou main d",True,auto-syntax
Mvt bras gauche,mvt bras gauche,True,auto-syntax
Mvt de lèvre,mvt de lèvre,True,auto-syntax
Mvt des mains,mvt des mains,True,auto-syntax
Mvt face coïncide avec éveil,mvt face coïncide avec éveil,True,auto-syntax
Myoclonie,myoclonie,True,auto-syntax
Myoclonie MSG,myoclonie msg,True,auto-syntax
Myoclonie concomittante,myoclonie concomittante,True,auto-syntax
Myoclonie diffuse avec pointe Cz,myoclonie diffuse avec pointe cz,True,auto-syntax
Myoclonie diffuses,myoclonie diffuses,True,auto-syntax
Myoclonie droite,myoclonie droite,True,auto-syntax
Myoclonie en mm temps que pt Cz,myoclonie en mm temps que pt cz,True,auto-syntax
Myoclonie en mm tps que Pt Cz,myoclonie en mm tps que pt cz,True,auto-syntax
Myoclonie+ pointe Cz,myoclonie+ pointe cz,True,auto-syntax
Myoclonie?,myoclonie?,True,auto-syntax
Myoclonies,myoclonies,True,auto-syntax
Myoclonies MS,myoclonies ms,True,auto-syntax
Myoclonies palpébrales prolongées,myoclonies palpébrales prolongées,True,auto-syntax
Mâche Chewing-gum,mâche chewing gum,True,auto-syntax
Mâchonne,mâchonne,True,auto-syntax
Mâchonnement,mâchonnement,True,auto-syntax
Médecin en chambre,médecin en chambre,True,auto-syntax
N ARRIVE PAS A BOUGER LA MACHOIRE,n arrive pas a bouger la machoire,True,auto-syntax
N ARRIVE PAS A FERMER LES YEUX,n arrive pas a fermer les yeux,True,auto-syntax
N ARRIVE PLUS A LIRE,n arrive plus a lire,True,auto-syntax
N'A RIEN SENTI,n'a rien senti,True,auto-syntax
N'EXECUTE PAS,n'execute pas,True,auto-syntax
"N'EXECUTE PAS ""TENDEZ LES BRAS""","n'execute pas ""tendez les bras""",True,auto-syntax
N'EXECUTE PAS DOITE,n'execute pas doite,True,auto-syntax
N'a pas retenu le mot bateau,n'a pas retenu le mot bateau,True,auto-syntax
N'a rien ressentie,n'a rien ressentie,True,auto-syntax
N'arrive pas a répondre,n'arrive pas a répondre,True,auto-syntax
N'arrive pas au début de lever les bras,n'arrive pas au début de lever les bras,True,auto-syntax
NE BOUGE PAS,ne bouge pas,True,auto-syntax
NE DENOMME PAS,ne denomme pas,True,auto-syntax
NE DENOMME PAS DOITE,ne denomme pas doite,True,auto-syntax
"NE DENOMME PAS L'ARBRE IFFEL AS""","ne denomme pas l'arbre iffel as""",True,auto-syntax
"NE DENOMME PAS LA BARQUE FEL AS""","ne denomme pas la barque fel as""",True,auto-syntax
"NE DENOMME PAS LES CLES FEL AS""","ne denomme pas les cles fel as""",True,auto-syntax
NE DENOMME PAS ONT TE,ne denomme pas ont te,True,auto-syntax
"NE DEOMME PAS LA TOUR EIFFEL AS""","ne deomme pas la tour eiffel as""",True,auto-syntax
NE LEVE PAS LES MI,ne leve pas les mi,True,auto-syntax
NE PEUT DIRE SON PRENOM,ne peut dire son prenom,True,auto-syntax
NE PEUT PAS DIRE SON NOM,ne peut pas dire son nom,True,auto-syntax
NE REPOND PAS,ne repond pas,True,auto-syntax
NE REPOND TOUJOURS PAS YJAMA,ne repond toujours pas yjama,True,auto-syntax
NE RESSENT RIEN,ne ressent rien,True,auto-syntax
NE SE SENT PAS BIEN,ne se sent pas bien,True,auto-syntax
NE SE SENT PAS TRES BIEN,ne se sent pas tres bien,True,auto-syntax
NE SE SOUVIENT PAS DU MOT,ne se souvient pas du mot,True,auto-syntax
NE SE SOUVIENT PASD U MOT A RETENIR,ne se souvient pasd u mot a retenir,True,auto-syntax
NE SE SOUVINET PAS DE LA PHRASE A ARTIC,ne se souvinet pas de la phrase a artic,True,auto-syntax
NE SENT PLUS RIEN,ne sent plus rien,True,auto-syntax
NE SERRE PAS SG UX TE,ne serre pas sg ux te,True,auto-syntax
NON REALISABLE SOMNOLE,non realisable somnole,True,auto-syntax
NON REVEILLABLE,non reveillable,True,auto-syntax
Nausées,nausées,True,auto-syntax
Ne dénomme pas le clés,ne dénomme pas le clés,True,auto-syntax
Ne dénomme pas le stylo,ne dénomme pas le stylo,True,auto-syntax
Ne dénomme pas les ciseaux,ne dénomme pas les ciseaux,True,auto-syntax
Ne répond pas à mes questions,ne répond pas à mes questions,True,auto-syntax
Ne se souvient pas du mot,ne se souvient pas du mot,True,auto-syntax
Ne se souvient plus de ce que faisaient,ne se souvient plus de ce que faisaient,True,auto-syntax
Nettoie pantalon (artefacts),nettoie pantalon (artefacts),True,auto-syntax
Nombreuses P,nombreuses p,True,auto-syntax
Nombreuses PO,nombreuses po,True,auto-syntax
Nombreuses bouffées de PO,nombreuses bouffées de po,True,auto-syntax
Nombreuses pointes,nombreuses pointes,True,auto-syntax
Nombreuses pointes diffuses,nombreuses pointes diffuses,True,auto-syntax
Nombreuses pointes ondes,nombreuses pointes ondes,True,auto-syntax
Noon le réveillete,noon le réveillete,True,auto-syntax
Note,note,True,auto-syntax
Note LA,note la,True,auto-syntax
Note LA smes verbaux? Echolalie,note la smes verbaux? echolalie,True,auto-syntax
Note RI,note ri,True,auto-syntax
Note UA,note ua,True,auto-syntax
O. D,o. d,True,auto-syntax
O1 et O2?,o1 et o2?,True,auto-syntax
O2,o2,True,auto-syntax
O2 Oz T4,o2 oz t4,True,auto-syntax
OI,oi,True,auto-syntax
OINTES,ointes,True,auto-syntax
OL,ol,True,auto-syntax
OL + RR,ol + rr,True,auto-syntax
OL + RR PT,ol + rr pt,True,auto-syntax
OL + aigue à gauche,ol + aigue à gauche,True,auto-syntax
OL ++,ol +,True,auto-syntax
OL 140 sec,ol 140 sec,True,auto-syntax
OL 180 sec,ol 180 sec,True,auto-syntax
OL 60 sec,ol 60 sec,True,auto-syntax
OL ?,ol?,True,auto-syntax
OL BILATERALE,ol bilaterale,True,auto-syntax
OL D,ol d,True,auto-syntax
OL D 80 sec,ol d 80 sec,True,auto-syntax
OL D rythmiques,ol d rythmiques,True,auto-syntax
OL FG,ol fg,True,auto-syntax
OL FT G,ol ft g,True,auto-syntax
OL G,ol g,True,auto-syntax
OL G ite oite?,ol g ite oite?,True,auto-syntax
OL G plutot fronto temporales,ol g plutot fronto temporales,True,auto-syntax
OL G temporo frontales G,ol g temporo frontales g,True,auto-syntax
OL HPN sec,ol hpn sec,True,auto-syntax
OL Hz,ol hz,True,auto-syntax
OL NTES,ol ntes,True,auto-syntax
OL REGARDE SON TEL,ol regarde son tel,True,auto-syntax
OL RYTH,ol ryth,True,auto-syntax
OL RYTHMIQUES,ol rythmiques,True,auto-syntax
OL Ryth IQUES,ol ryth iques,True,auto-syntax
OL T D,ol t d,True,auto-syntax
OL Temporales G,ol temporales g,True,auto-syntax
OL aigue,ol aigue,True,auto-syntax
OL aigue diffuse,ol aigue diffuse,True,auto-syntax
OL aigue sur P3?,ol aigue sur p3?,True,auto-syntax
OL aigue temp G,ol aigue temp g,True,auto-syntax
OL aigue temporale G,ol aigue temporale g,True,auto-syntax
OL aigues,ol aigues,True,auto-syntax
OL aigues G,ol aigues g,True,auto-syntax
OL aigues diffuses mais + à D,ol aigues diffuses mais + à d,True,auto-syntax
OL aigues diffuses mais plus à D,ol aigues diffuses mais plus à d,True,auto-syntax
OL aigues frontal D,ol aigues frontal d,True,auto-syntax
OL aigues fronto centrales,ol aigues fronto centrales,True,auto-syntax
OL aigues fronto temp G,ol aigues fronto temp g,True,auto-syntax
OL aigues gauches,ol aigues gauches,True,auto-syntax
OL aigues prédominance gauche et P verte,ol aigues prédominance gauche et p verte,True,auto-syntax
OL aigues prédominent à D,ol aigues prédominent à d,True,auto-syntax
OL aigues prédominent à G,ol aigues prédominent à g,True,auto-syntax
OL aigues prédominent à gauche,ol aigues prédominent à gauche,True,auto-syntax
OL aigues rythmiques,ol aigues rythmiques,True,auto-syntax
OL aigues stt D,ol aigues stt d,True,auto-syntax
OL aigues temp G,ol aigues temp g,True,auto-syntax
OL aigues temp post G,ol aigues temp post g,True,auto-syntax
OL aigues temporales droites,ol aigues temporales droites,True,auto-syntax
OL aigues temporales gauches,ol aigues temporales gauches,True,auto-syntax
OL aigues à gauche,ol aigues à gauche,True,auto-syntax
"OL aigues,surtout D","ol aigues,surtout d",True,auto-syntax
OL bilaterales,ol bilaterales,True,auto-syntax
OL bilatérales,ol bilatérales,True,auto-syntax
OL delta rythmqiues fronto temp D,ol delta rythmqiues fronto temp d,True,auto-syntax
OL diffuse,ol diffuse,True,auto-syntax
OL diffuses,ol diffuses,True,auto-syntax
OL diffuses mais prédominance D,ol diffuses mais prédominance d,True,auto-syntax
OL droite surtout,ol droite surtout,True,auto-syntax
OL droites,ol droites,True,auto-syntax
OL dte,ol dte,True,auto-syntax
OL et P et PO . RAS d'évident niveau cli,ol et p et po. ras d'évident niveau cli,True,auto-syntax
OL et PO à droite,ol et po à droite,True,auto-syntax
OL fronto temporales gauches,ol fronto temporales gauches,True,auto-syntax
OL g,ol g,True,auto-syntax
OL gauches,ol gauches,True,auto-syntax
OL ivité rythmique,ol ivité rythmique,True,auto-syntax
OL là,ol là,True,auto-syntax
OL mais stt D,ol mais stt d,True,auto-syntax
OL malies D,ol malies d,True,auto-syntax
OL mieux visibles à D,ol mieux visibles à d,True,auto-syntax
OL ntes,ol ntes,True,auto-syntax
OL ntes?,ol ntes?,True,auto-syntax
OL ou artefacts???,ol ou artefacts?,True,auto-syntax
OL plus amples sur la ligne med et à D,ol plus amples sur la ligne med et à d,True,auto-syntax
OL prédom G,ol prédom g,True,auto-syntax
OL prédominent nettement à droite,ol prédominent nettement à droite,True,auto-syntax
OL prédominent à D,ol prédominent à d,True,auto-syntax
OL prédominent à G,ol prédominent à g,True,auto-syntax
OL prédominent à droite,ol prédominent à droite,True,auto-syntax
OL ryth,ol ryth,True,auto-syntax
OL rythm,ol rythm,True,auto-syntax
OL rythmique hémisphère gauche,ol rythmique hémisphère gauche,True,auto-syntax
OL rythmique mais ras clinique,ol rythmique mais ras clinique,True,auto-syntax
OL rythmiques,ol rythmiques,True,auto-syntax
OL rythmiques e sup G,ol rythmiques e sup g,True,auto-syntax
OL rythmiques hémisph D,ol rythmiques hémisph d,True,auto-syntax
OL rythmiques ligne médiane et G,ol rythmiques ligne médiane et g,True,auto-syntax
OL rythmiques à D (regarde TV),ol rythmiques à d (regarde tv),True,auto-syntax
OL rythmqiues à D,ol rythmqiues à d,True,auto-syntax
OL temp G,ol temp g,True,auto-syntax
OL temporales gauches,ol temporales gauches,True,auto-syntax
OL thêta rythmiques à droite,ol thêta rythmiques à droite,True,auto-syntax
OL ton patient 1,ol ton patient 1,True,auto-syntax
OL un peu rythm sur la région fronto-cen,ol un peu rythm sur la région fronto cen,True,auto-syntax
OL à G,ol à g,True,auto-syntax
OL à droite,ol à droite,True,auto-syntax
OL à droite en plus des pointes diffuses,ol à droite en plus des pointes diffuses,True,auto-syntax
OL*,ol,True,auto-syntax
OL?,ol?,True,auto-syntax
ON LA R2VEILLE,on la r2veille,True,auto-syntax
ONDE LAMBDA DE FIXATION,onde lambda de fixation,True,auto-syntax
ONDES LENTERS,ondes lenters,True,auto-syntax
ONDES LENTES,ondes lentes,True,auto-syntax
OPP PHASE sur F7?,opp phase sur f7?,True,auto-syntax
OREILLE DTE QUI SIFFLE,oreille dte qui siffle,True,auto-syntax
ORIENT2 T LA PLANCHE,orient2 t la planche,True,auto-syntax
ORIENTATION OK,orientation ok,True,auto-syntax
ORTHOPHONIE,orthophonie,True,auto-syntax
OUVRE LA SACOCHE,ouvre la sacoche,True,auto-syntax
OUVRE LES YEUX,ouvre les yeux,True,auto-syntax
OUVRE LES YEUX A LA DEMANDE,ouvre les yeux a la demande,True,auto-syntax
OY,oy,True,auto-syntax
Ob : Pointe,ob: pointe,True,auto-syntax
Ob : Pointe G,ob: pointe g,True,auto-syntax
Ob : Pointe onde Dr ?,ob: pointe onde dr?,True,auto-syntax
Ob : Pointe temporal G ??,ob: pointe temporal g?,True,auto-syntax
Ob : complexes K ?,ob: complexes k?,True,auto-syntax
Ob : début crise électrique temporal ant,ob: début crise électrique temporal ant,True,auto-syntax
Ob : fuseau de sommeil ?,ob: fuseau de sommeil?,True,auto-syntax
Ob : kesako ?,ob: kesako?,True,auto-syntax
Ob : pointe,ob: pointe,True,auto-syntax
Ob : pointe ???,ob: pointe?,True,auto-syntax
Ob : pointe Dr ?,ob: pointe dr?,True,auto-syntax
Ob : pointe Dr ? x2,ob: pointe dr? x2,True,auto-syntax
Ob : pointe G,ob: pointe g,True,auto-syntax
Ob : pointe P4 ???,ob: pointe p4?,True,auto-syntax
Ob : pointe T G,ob: pointe t g,True,auto-syntax
Ob : pointe diffuse pré en F10 ??,ob: pointe diffuse pré en f10?,True,auto-syntax
Ob : pointe gauche ??,ob: pointe gauche?,True,auto-syntax
Ob : pointe max T3,ob: pointe max t3,True,auto-syntax
Ob : pointe onde G,ob: pointe onde g,True,auto-syntax
Ob : pointe onde droite ??,ob: pointe onde droite?,True,auto-syntax
Ob : pointe onde max en T3,ob: pointe onde max en t3,True,auto-syntax
Ob : pointe temporal ant-moy droite ??,ob: pointe temporal ant moy droite?,True,auto-syntax
Ob : pointe-onde T G,ob: pointe onde t g,True,auto-syntax
Ob : pointes,ob: pointes,True,auto-syntax
Ob : ébauche de pointe Dr ?,ob: ébauche de pointe dr?,True,auto-syntax
Ob : ébauche de pointe G ?,ob: ébauche de pointe g?,True,auto-syntax
Ob : ébauche de pointe droite x2,ob: ébauche de pointe droite x2,True,auto-syntax
Ob : ébauche pointe dr ?,ob: ébauche pointe dr?,True,auto-syntax
Ob : ébauche pointe droite ?,ob: ébauche pointe droite?,True,auto-syntax
Ob : ébauche pointe onde ?,ob: ébauche pointe onde?,True,auto-syntax
Ob : élement lent D à morph aigue ??,ob: élement lent d à morph aigue?,True,auto-syntax
Ob : élément lent G,ob: élément lent g,True,auto-syntax
Ob : élément lent diffus préd en F10 ??,ob: élément lent diffus préd en f10?,True,auto-syntax
Ob : élément lent diffus préd à G ?,ob: élément lent diffus préd à g?,True,auto-syntax
Ob : élément lent ou complexe K ??,ob: élément lent ou complexe k?,True,auto-syntax
Ob : élément lent à morph aigue ???,ob: élément lent à morph aigue?,True,auto-syntax
Ob : élément pointu F7 et T3 ??,ob: élément pointu f7 et t3?,True,auto-syntax
Ob : élément pointu droite ??,ob: élément pointu droite?,True,auto-syntax
Ob : élément s lents frontal G ?,ob: élément s lents frontal g?,True,auto-syntax
Ob : éléments delta ??,ob: éléments delta?,True,auto-syntax
Ob : éléments lent G ?,ob: éléments lent g?,True,auto-syntax
Ob : éléments lents temp G ??,ob: éléments lents temp g?,True,auto-syntax
Ob : éléments lents theta bi temporal ??,ob: éléments lents theta bi temporal?,True,auto-syntax
Ob : éléments lents theta diffus ??,ob: éléments lents theta diffus?,True,auto-syntax
Ob : éléments theta temporal G ??,ob: éléments theta temporal g?,True,auto-syntax
Ob : éléménets lents temporal G ??,ob: éléménets lents temporal g?,True,auto-syntax
Ob: pointe,ob: pointe,True,auto-syntax
Ob: élément pointu diffus préd en F9 ??,ob: élément pointu diffus préd en f9?,True,auto-syntax
Obay : Décharges lentes intermittentes?,obay: décharges lentes intermittentes?,True,auto-syntax
Obay : IED ?,obay: ied?,True,auto-syntax
Obay : anomalie intercritique isolée?,obay: anomalie intercritique isolée?,True,auto-syntax
Obay : ondes lentes G,obay: ondes lentes g,True,auto-syntax
Obay : pause lecture ici,obay: pause lecture ici,True,auto-syntax
Obay : pointe lente gauche ?,obay: pointe lente gauche?,True,auto-syntax
Obay : sommeil ou IED ?,obay: sommeil ou ied?,True,auto-syntax
Obay ?,obay?,True,auto-syntax
OdY,ody,True,auto-syntax
"OdY, mouvements rythmiques des 2 MS","ody, mouvements rythmiques des 2 ms",True,auto-syntax
Ol,ol,True,auto-syntax
Ol delta rythmique?,ol delta rythmique?,True,auto-syntax
Ol prédominent en fornot temp G,ol prédominent en fornot temp g,True,auto-syntax
Ol rythmiques,ol rythmiques,True,auto-syntax
Ol rytrh,ol rytrh,True,auto-syntax
Ondes aigues,ondes aigues,True,auto-syntax
Ondes en dents de scie ?,ondes en dents de scie?,True,auto-syntax
Ondes lentes droites,ondes lentes droites,True,auto-syntax
Opposition de phase,opposition de phase,True,auto-syntax
Ou P vertex?,ou p vertex?,True,auto-syntax
Ouverture des yeux,ouverture des yeux,True,auto-syntax
Ouvre les yeux,ouvre les yeux,True,auto-syntax
"Ouvre les yeux, se tourne un peu à G","ouvre les yeux, se tourne un peu à g",True,auto-syntax
"Ouvre les yeux, tend la jambe gch","ouvre les yeux, tend la jambe gch",True,auto-syntax
P,p,True,auto-syntax
P !,p!,True,auto-syntax
P / à voir,p / à voir,True,auto-syntax
P 7-P 8 3.0mA 1.0Hz 3025&#956;sec,p 7 p 8 3.0ma 1.0hz 3025956;sec,True,auto-syntax
P ?,p?,True,auto-syntax
P C PA,p c pa,True,auto-syntax
P D,p d,True,auto-syntax
P D + G,p d + g,True,auto-syntax
P D puis G,p d puis g,True,auto-syntax
P Dte,p dte,True,auto-syntax
P EIL,p eil,True,auto-syntax
P ES,p es,True,auto-syntax
P F7 et T5,p f7 et t5,True,auto-syntax
P F9 F7 T3,p f9 f7 t3,True,auto-syntax
P G,p g,True,auto-syntax
"P G avec aspect ""pseudo périod""","p g avec aspect ""pseudo périod""",True,auto-syntax
P G ite,p g ite,True,auto-syntax
P G ite oite?,p g ite oite?,True,auto-syntax
P G?,p g?,True,auto-syntax
P GCHE,p gche,True,auto-syntax
P Gche,p gche,True,auto-syntax
P IC,p ic,True,auto-syntax
P L,p l,True,auto-syntax
P N 120 sec,p n 120 sec,True,auto-syntax
P N 140 sec,p n 140 sec,True,auto-syntax
P N 140 sec linique,p n 140 sec linique,True,auto-syntax
P N 180 sec,p n 180 sec,True,auto-syntax
P N 200 sec,p n 200 sec,True,auto-syntax
P N 220 sec,p n 220 sec,True,auto-syntax
P N 260 sec,p n 260 sec,True,auto-syntax
P N 40 sec,p n 40 sec,True,auto-syntax
P N 60 sec,p n 60 sec,True,auto-syntax
P N 80 sec,p n 80 sec,True,auto-syntax
P NS. ANNONCANT UNE CRISE PLUS TARD,p ns. annoncant une crise plus tard,True,auto-syntax
P P3 C3,p p3 c3,True,auto-syntax
P PRENDRE ICI,p prendre ici,True,auto-syntax
P RYTHMIQUES,p rythmiques,True,auto-syntax
P RYTHMIQUES 3 pages,p rythmiques 3 pages,True,auto-syntax
P T3,p t3,True,auto-syntax
P T4,p t4,True,auto-syntax
P avec début à droite,p avec début à droite,True,auto-syntax
P avec opposition de phase sur F8,p avec opposition de phase sur f8,True,auto-syntax
P bifrontale,p bifrontale,True,auto-syntax
P bifrontales,p bifrontales,True,auto-syntax
P but HPN,p but hpn,True,auto-syntax
P d,p d,True,auto-syntax
P de départ?,p de départ?,True,auto-syntax
P de prédominance antérieure bilatérale!,p de prédominance antérieure bilatérale!,True,auto-syntax
P droite oite?,p droite oite?,True,auto-syntax
P droites,p droites,True,auto-syntax
P dt,p dt,True,auto-syntax
P dte,p dte,True,auto-syntax
P débutent à droite puis diffusent,p débutent à droite puis diffusent,True,auto-syntax
P en F7???,p en f7?,True,auto-syntax
P et OL,p et ol,True,auto-syntax
P fronto temp G,p fronto temp g,True,auto-syntax
P fronto tempo D,p fronto tempo d,True,auto-syntax
P fréquentes,p fréquentes,True,auto-syntax
P g,p g,True,auto-syntax
P inte D,p inte d,True,auto-syntax
P ise 3 ?,p ise 3?,True,auto-syntax
P lente,p lente,True,auto-syntax
P lente fronto temp G,p lente fronto temp g,True,auto-syntax
P lente temporale gauche,p lente temporale gauche,True,auto-syntax
P lentes D,p lentes d,True,auto-syntax
P lentes G,p lentes g,True,auto-syntax
P mais diffuse,p mais diffuse,True,auto-syntax
P mais semblent débuter à G,p mais semblent débuter à g,True,auto-syntax
P mplexe K te?,p mplexe k te?,True,auto-syntax
P n HPN,p n hpn,True,auto-syntax
P n HPN sec,p n hpn sec,True,auto-syntax
P n de crise?,p n de crise?,True,auto-syntax
"P opp phase F4, Fz, F3","p opp phase f4, fz, f3",True,auto-syntax
P ou K complex aigu?,p ou k complex aigu?,True,auto-syntax
P plutot temporo frontales droites,p plutot temporo frontales droites,True,auto-syntax
P prendre ici,p prendre ici,True,auto-syntax
P prédominant à G,p prédominant à g,True,auto-syntax
P prédominent à D,p prédominent à d,True,auto-syntax
P prédominent à G,p prédominent à g,True,auto-syntax
P prédominent à Gauche,p prédominent à gauche,True,auto-syntax
P périodiques,p périodiques,True,auto-syntax
P périodiques temp G,p périodiques temp g,True,auto-syntax
P quasi périodique,p quasi périodique,True,auto-syntax
P quasi rythmique,p quasi rythmique,True,auto-syntax
P ras dort,p ras dort,True,auto-syntax
P ryhmiques,p ryhmiques,True,auto-syntax
P rythmique,p rythmique,True,auto-syntax
P rythmiques,p rythmiques,True,auto-syntax
"P rythmiques, décharge de 7 secondes","p rythmiques, décharge de 7 secondes",True,auto-syntax
"P rythmiques, décharge fragmentée 12 sec","p rythmiques, décharge fragmentée 12 sec",True,auto-syntax
P rythmiques. RAS clinique,p rythmiques. ras clinique,True,auto-syntax
P rythmiques. RAS clinique d'évident,p rythmiques. ras clinique d'évident,True,auto-syntax
P rythmqiues,p rythmqiues,True,auto-syntax
P st HPN 20 sec,p st hpn 20 sec,True,auto-syntax
P st HPN 40 sec,p st hpn 40 sec,True,auto-syntax
P st HPN 60 sec,p st hpn 60 sec,True,auto-syntax
P stt à droite,p stt à droite,True,auto-syntax
P sur F8,p sur f8,True,auto-syntax
P sur O,p sur o,True,auto-syntax
P sur dervi P3 O1?,p sur dervi p3 o1?,True,auto-syntax
P tefact?,p tefact?,True,auto-syntax
P temp D,p temp d,True,auto-syntax
P temp D???,p temp d?,True,auto-syntax
P temp G,p temp g,True,auto-syntax
P temp G?,p temp g?,True,auto-syntax
P temporales G,p temporales g,True,auto-syntax
P temporales droites,p temporales droites,True,auto-syntax
P temporales gauches,p temporales gauches,True,auto-syntax
P ternal button,p ternal button,True,auto-syntax
P terrogatoire,p terrogatoire,True,auto-syntax
P ux fermés l G? temp G?,p ux fermés l g? temp g?,True,auto-syntax
P vertex,p vertex,True,auto-syntax
P vertex + amples à D,p vertex + amples à d,True,auto-syntax
P vertex et fuseaux,p vertex et fuseaux,True,auto-syntax
P vertex?,p vertex?,True,auto-syntax
P vertex? ne semble pas typique,p vertex? ne semble pas typique,True,auto-syntax
P vertex??,p vertex?,True,auto-syntax
P vertex???,p vertex?,True,auto-syntax
P voir F8,p voir f8,True,auto-syntax
P vs P vertex,p vs p vertex,True,auto-syntax
P à D,p à d,True,auto-syntax
P à G,p à g,True,auto-syntax
P à droite,p à droite,True,auto-syntax
P!,p!,True,auto-syntax
"P, opp phase T4","p, opp phase t4",True,auto-syntax
"P, prédominant à D","p, prédominant à d",True,auto-syntax
"P, ras clinique","p, ras clinique",True,auto-syntax
P. rythmiques à Gauche,p. rythmiques à gauche,True,auto-syntax
P.vertex?,p.vertex?,True,auto-syntax
P3 VERIFI2E,p3 verifi2e,True,auto-syntax
P3 verifiée,p3 verifiée,True,auto-syntax
P3O1,p3o1,True,auto-syntax
P4,p4,True,auto-syntax
P4 et Pz,p4 et pz,True,auto-syntax
P4O2,p4o2,True,auto-syntax
P4T6,p4t6,True,auto-syntax
P4T6?,p4t6?,True,auto-syntax
P: T5/P3/O1 + TP9,p: t5/p3/o1 + tp9,True,auto-syntax
P: plus à gauche,p: plus à gauche,True,auto-syntax
P: prédominent à D?,p: prédominent à d?,True,auto-syntax
P?,p?,True,auto-syntax
PAD,pad,True,auto-syntax
PARLE,parle,True,auto-syntax
PARLE N,parle n,True,auto-syntax
PARLE N sec,parle n sec,True,auto-syntax
PARLE REPOND,parle repond,True,auto-syntax
PARLE U IL SE TROUVE,parle u il se trouve,True,auto-syntax
PARLE sec,parle sec,True,auto-syntax
PARO,paro,True,auto-syntax
PAROXYSME,paroxysme,True,auto-syntax
PAROXYSME G,paroxysme g,True,auto-syntax
PAROXYSME INFRA,paroxysme infra,True,auto-syntax
PAS DE CYANOSE,pas de cyanose,True,auto-syntax
PAS DE MANIF CLINIQUE,pas de manif clinique,True,auto-syntax
PAS DE SENSATION,pas de sensation,True,auto-syntax
PAS DE SIGNE CLINIQUE,pas de signe clinique,True,auto-syntax
PAS SE SENSATION,pas se sensation,True,auto-syntax
PAS SE SENSATIONS,pas se sensations,True,auto-syntax
PASSAGE DE L INFIRMIERE,passage de l infirmiere,True,auto-syntax
PASSAGE DE L'EMENT,passage de l'ement,True,auto-syntax
PArle,parle,True,auto-syntax
PCP,pcp,True,auto-syntax
PCP D,pcp d,True,auto-syntax
PD,pd,True,auto-syntax
"PEIGNE OK PAS LA TOUR EIFFEL AS""","peigne ok pas la tour eiffel as""",True,auto-syntax
PETIT DECHARGE TETE DROITE,petit decharge tete droite,True,auto-syntax
PETITE SENSATION DANS LES MAINS,petite sensation dans les mains,True,auto-syntax
PG,pg,True,auto-syntax
PHRASE A REPETE CULER,phrase a repete culer,True,auto-syntax
PICOTEMENT HEMIFACE DROIT,picotement hemiface droit,True,auto-syntax
PICOTEMENT OEIL DROIT,picotement oeil droit,True,auto-syntax
PICOTEMENTS AUX MI,picotements aux mi,True,auto-syntax
PICOTTEMENTS LEVRES,picottements levres,True,auto-syntax
PINTES,pintes,True,auto-syntax
PINTES g,pintes g,True,auto-syntax
PL D,pl d,True,auto-syntax
PLEURE,pleure,True,auto-syntax
PLEURS,pleurs,True,auto-syntax
PLISSE LE FRONT,plisse le front,True,auto-syntax
"PLUS AIGU,","plus aigu,",True,auto-syntax
PNG 1 = Nerf Vague,png 1 = nerf vague,True,auto-syntax
PO,po,True,auto-syntax
PO 140 sec,po 140 sec,True,auto-syntax
PO 160 sec,po 160 sec,True,auto-syntax
PO Temporale,po temporale,True,auto-syntax
PO YEUX,po yeux,True,auto-syntax
PO asympto,po asympto,True,auto-syntax
"PO dégradées/delta aigu, rythmiques","po dégradées/delta aigu, rythmiques",True,auto-syntax
PO et stop tapping mais repond,po et stop tapping mais repond,True,auto-syntax
PO frontales médianes,po frontales médianes,True,auto-syntax
PO gauche,po gauche,True,auto-syntax
PO lentes,po lentes,True,auto-syntax
PO lentes généralisées,po lentes généralisées,True,auto-syntax
PO nale à l'AS avoir fait une crise,po nale à l'as avoir fait une crise,True,auto-syntax
PO plus gauche,po plus gauche,True,auto-syntax
PO quasi périodiques,po quasi périodiques,True,auto-syntax
PO rythmique débutent à gauche,po rythmique débutent à gauche,True,auto-syntax
PO rythmique mais fragmenté,po rythmique mais fragmenté,True,auto-syntax
PO rythmiques,po rythmiques,True,auto-syntax
PO sursaut,po sursaut,True,auto-syntax
PO/OL prédominent à gauche!!!,po/ol prédominent à gauche!,True,auto-syntax
PO?,po?,True,auto-syntax
POINT LUMINEUX BLEU/VERT COTE DT OG,point lumineux bleu/vert cote dt og,True,auto-syntax
POINTE,pointe,True,auto-syntax
POINTE DROITE,pointe droite,True,auto-syntax
POINTE G,pointe g,True,auto-syntax
POINTED,pointed,True,auto-syntax
POINTES,pointes,True,auto-syntax
POINTES ?,pointes?,True,auto-syntax
POINTES ASYNCHRONES,pointes asynchrones,True,auto-syntax
POINTES BIATERALES,pointes biaterales,True,auto-syntax
POINTES BILAT ?,pointes bilat?,True,auto-syntax
POINTES BILATERALES,pointes bilaterales,True,auto-syntax
POINTES BILATERALES e,pointes bilaterales e,True,auto-syntax
POINTES D,pointes d,True,auto-syntax
POINTES D g,pointes d g,True,auto-syntax
POINTES DIFFUSES,pointes diffuses,True,auto-syntax
POINTES DROITES,pointes droites,True,auto-syntax
POINTES DROITEZS,pointes droitezs,True,auto-syntax
POINTES FG,pointes fg,True,auto-syntax
POINTES G,pointes g,True,auto-syntax
POINTES G ANT,pointes g ant,True,auto-syntax
POINTES G ET D ASYNCHRONES,pointes g et d asynchrones,True,auto-syntax
POINTES G F,pointes g f,True,auto-syntax
POINTES G et D,pointes g et d,True,auto-syntax
POINTES GAUCHES,pointes gauches,True,auto-syntax
POINTES IC G,pointes ic g,True,auto-syntax
POINTES LENTES,pointes lentes,True,auto-syntax
POINTES R D,pointes r d,True,auto-syntax
POINTES RYTHMIQUE,pointes rythmique,True,auto-syntax
POINTES RYTHMIQUES,pointes rythmiques,True,auto-syntax
POINTES T D,pointes t d,True,auto-syntax
POINTES atient 1,pointes atient 1,True,auto-syntax
POINTES ec,pointes ec,True,auto-syntax
POINTES g,pointes g,True,auto-syntax
POINTES ic,pointes ic,True,auto-syntax
POINTES nchrones,pointes nchrones,True,auto-syntax
POINTES sec,pointes sec,True,auto-syntax
POINTES?,pointes?,True,auto-syntax
POINTRS D,pointrs d,True,auto-syntax
PORTABLE SONNE,portable sonne,True,auto-syntax
POSE DU DATUROMETRE,pose du daturometre,True,auto-syntax
POSE DU SATUROMETRE,pose du saturometre,True,auto-syntax
POSE SATUROMETRE,pose saturometre,True,auto-syntax
POST,post,True,auto-syntax
POST ?,post?,True,auto-syntax
POST aigu et plus à D,post aigu et plus à d,True,auto-syntax
POST aigue?,post aigue?,True,auto-syntax
POST aigus?,post aigus?,True,auto-syntax
POST presque rythmique,post presque rythmique,True,auto-syntax
POST prédominent à D,post prédominent à d,True,auto-syntax
POST?,post?,True,auto-syntax
POSTS,posts,True,auto-syntax
POSTS + P,posts + p,True,auto-syntax
POSTS aigus et préodminent à D?,posts aigus et préodminent à d?,True,auto-syntax
POSTS aigus prédominent à D,posts aigus prédominent à d,True,auto-syntax
POSTS aigus à D?,posts aigus à d?,True,auto-syntax
POSTS aigus?,posts aigus?,True,auto-syntax
POSTS prédominent )à D,posts prédominent )à d,True,auto-syntax
POSTS prédominent à D et ligne med,posts prédominent à d et ligne med,True,auto-syntax
POSTS à D?,posts à d?,True,auto-syntax
POSTS?,posts?,True,auto-syntax
POSTS???,posts?,True,auto-syntax
POSTs,posts,True,auto-syntax
POSTs un peu rythmiques,posts un peu rythmiques,True,auto-syntax
POSTs?,posts?,True,auto-syntax
POinte temporale G ou artefact???,pointe temporale g ou artefact?,True,auto-syntax
PP,pp,True,auto-syntax
PP ? fuseau?,pp? fuseau?,True,auto-syntax
PP infraclinique,pp infraclinique,True,auto-syntax
PPINTES D,ppintes d,True,auto-syntax
PPO,ppo,True,auto-syntax
PPO ?,ppo?,True,auto-syntax
PPO RAs,ppo ras,True,auto-syntax
PPO?,ppo?,True,auto-syntax
PREODMINANCE GAUCHE????,preodminance gauche?,True,auto-syntax
PT G et D,pt g et d,True,auto-syntax
PT g,pt g,True,auto-syntax
PT4,pt4,True,auto-syntax
PTD,ptd,True,auto-syntax
PTD et G,ptd et g,True,auto-syntax
PTD et PTG,ptd et ptg,True,auto-syntax
PTES,ptes,True,auto-syntax
"PTES ,","ptes,",True,auto-syntax
PTES ASYNC,ptes async,True,auto-syntax
PTES ASYNCHRONES,ptes asynchrones,True,auto-syntax
PTES ASYNCHRONES IC,ptes asynchrones ic,True,auto-syntax
PTES D?,ptes d?,True,auto-syntax
PTES G,ptes g,True,auto-syntax
PTES G BILAT,ptes g bilat,True,auto-syntax
PTES IC,ptes ic,True,auto-syntax
PTES PN sec,ptes pn sec,True,auto-syntax
PTES d,ptes d,True,auto-syntax
PTES g G,ptes g g,True,auto-syntax
PTES lies D,ptes lies d,True,auto-syntax
PTF,ptf,True,auto-syntax
PTG,ptg,True,auto-syntax
PTG et D,ptg et d,True,auto-syntax
PV ?,pv?,True,auto-syntax
Paillettes sur moitié du champ de vision,paillettes sur moitié du champ de vision,True,auto-syntax
Pariétal bilatéral,pariétal bilatéral,True,auto-syntax
Parle,parle,True,auto-syntax
Parle sec,parle sec,True,auto-syntax
Parle* RAS,parle ras,True,auto-syntax
Paroxysme G,paroxysme g,True,auto-syntax
Pas d'arret comportemental,pas d'arret comportemental,True,auto-syntax
Pas d'interruption du contage,pas d'interruption du contage,True,auto-syntax
Pas de sensation,pas de sensation,True,auto-syntax
Patiente revient dans le champ camera,patiente revient dans le champ camera,True,auto-syntax
Patiente répond,patiente répond,True,auto-syntax
Pd,pd,True,auto-syntax
Penche la tête vers la droite,penche la tête vers la droite,True,auto-syntax
Perte tonus musculaire,perte tonus musculaire,True,auto-syntax
Petit Déjeuner,petit déjeuner,True,auto-syntax
Petit mouvement du corps,petit mouvement du corps,True,auto-syntax
Petit mouvement tete,petit mouvement tete,True,auto-syntax
Petit spasme,petit spasme,True,auto-syntax
Petit sursaut,petit sursaut,True,auto-syntax
Petite contraction commissure labiale D,petite contraction commissure labiale d,True,auto-syntax
Petite contraction joue G,petite contraction joue g,True,auto-syntax
Petite secousse,petite secousse,True,auto-syntax
Petits mvt jambes,petits mvt jambes,True,auto-syntax
Petits mvt main droite,petits mvt main droite,True,auto-syntax
Pg,pg,True,auto-syntax
Pied droit se met en flexion,pied droit se met en flexion,True,auto-syntax
Piontes vertex?????,piontes vertex?,True,auto-syntax
Plusieurs alarmes sur la nuit car elle d,plusieurs alarmes sur la nuit car elle d,True,auto-syntax
Pointe,pointe,True,auto-syntax
Pointe F3,pointe f3,True,auto-syntax
Pointe GAUCHE,pointe gauche,True,auto-syntax
Pointe lente temporale droite,pointe lente temporale droite,True,auto-syntax
Pointe opposition phase F8,pointe opposition phase f8,True,auto-syntax
Pointe physiologique?,pointe physiologique?,True,auto-syntax
Pointe sur Cz,pointe sur cz,True,auto-syntax
Pointe temp D,pointe temp d,True,auto-syntax
Pointe temporale G ???? ou artefact?,pointe temporale g? ou artefact?,True,auto-syntax
Pointe temporale gauche nette,pointe temporale gauche nette,True,auto-syntax
Pointe vertex,pointe vertex,True,auto-syntax
Pointe vertex!,pointe vertex!,True,auto-syntax
Pointe vertex?,pointe vertex?,True,auto-syntax
Pointes,pointes,True,auto-syntax
Pointes D,pointes d,True,auto-syntax
Pointes Front D?,pointes front d?,True,auto-syntax
Pointes G,pointes g,True,auto-syntax
Pointes bilatérales,pointes bilatérales,True,auto-syntax
Pointes droites,pointes droites,True,auto-syntax
Pointes en pallissade?,pointes en pallissade?,True,auto-syntax
Pointes frontales gauches et ligne med,pointes frontales gauches et ligne med,True,auto-syntax
Pointes gauches,pointes gauches,True,auto-syntax
Pointes périodiques G?,pointes périodiques g?,True,auto-syntax
Pointes rythmiques,pointes rythmiques,True,auto-syntax
Pointes temporales D,pointes temporales d,True,auto-syntax
Pointes temporales D et G,pointes temporales d et g,True,auto-syntax
Pointes temporales G,pointes temporales g,True,auto-syntax
Pointes temporales droites,pointes temporales droites,True,auto-syntax
Pointes temporales gauches,pointes temporales gauches,True,auto-syntax
Pointes vertex,pointes vertex,True,auto-syntax
Pointes vertex ou anomalies????,pointes vertex ou anomalies?,True,auto-syntax
Pointes: vertex???,pointes: vertex?,True,auto-syntax
Polypointe onde,polypointe onde,True,auto-syntax
Polypointe onde?,polypointe onde?,True,auto-syntax
Possible pointe temporale D--> voir,possible pointe temporale d > voir,True,auto-syntax
Post HPN 20 sec,post hpn 20 sec,True,auto-syntax
Post HPN 20 sec droit,post hpn 20 sec droit,True,auto-syntax
Post HPN 20 sec g,post hpn 20 sec g,True,auto-syntax
Post HPN 20 sec le corp roite,post hpn 20 sec le corp roite,True,auto-syntax
Post HPN 20 sec nou gch,post hpn 20 sec nou gch,True,auto-syntax
Post HPN 20 sec ore présente,post hpn 20 sec ore présente,True,auto-syntax
Post HPN 260 sec,post hpn 260 sec,True,auto-syntax
Post HPN 280 sec,post hpn 280 sec,True,auto-syntax
Post HPN 30 sec,post hpn 30 sec,True,auto-syntax
Post HPN 40 sec,post hpn 40 sec,True,auto-syntax
Post HPN 40 sec fuses mais prédom à D,post hpn 40 sec fuses mais prédom à d,True,auto-syntax
Post HPN 40 sec le corp roite,post hpn 40 sec le corp roite,True,auto-syntax
Post HPN 60 sec,post hpn 60 sec,True,auto-syntax
Post HPN 60 sec droite,post hpn 60 sec droite,True,auto-syntax
Post HPN 60 sec electricité,post hpn 60 sec electricité,True,auto-syntax
Post HPN 60 sec ngs,post hpn 60 sec ngs,True,auto-syntax
Post HPN 80 sec,post hpn 80 sec,True,auto-syntax
Pouls à 106 bpm,pouls à 106 bpm,True,auto-syntax
Prise 1cp urbanyl 10mg,prise 1cp urbanyl 10mg,True,auto-syntax
Précision sur la sensation resentie,précision sur la sensation resentie,True,auto-syntax
Pt D,pt d,True,auto-syntax
Pt Dte,pt dte,True,auto-syntax
Pt G,pt g,True,auto-syntax
Pt Occipitale,pt occipitale,True,auto-syntax
Pt dt,pt dt,True,auto-syntax
Pte D,pte d,True,auto-syntax
Pte Dt,pte dt,True,auto-syntax
Pte Dte,pte dte,True,auto-syntax
Pte G,pte g,True,auto-syntax
Pte dt,pte dt,True,auto-syntax
Pte frontale dt,pte frontale dt,True,auto-syntax
Pte occipitale G,pte occipitale g,True,auto-syntax
Pte temp droite,pte temp droite,True,auto-syntax
Pte temporale Dte,pte temporale dte,True,auto-syntax
Ptes,ptes,True,auto-syntax
Ptes G,ptes g,True,auto-syntax
Ptes IC D,ptes ic d,True,auto-syntax
Ptes asynchrones,ptes asynchrones,True,auto-syntax
Puis avec la main,puis avec la main,True,auto-syntax
Puis décharge &#956; organisée,puis décharge 956; organisée,True,auto-syntax
Puis frotte visage sur le lit,puis frotte visage sur le lit,True,auto-syntax
Puis mvt tête moins spécifique,puis mvt tête moins spécifique,True,auto-syntax
Puis secousse commissure gauche,puis secousse commissure gauche,True,auto-syntax
P°,p°,True,auto-syntax
Qu'est-ce ? (stylo),qu'est ce? (stylo),True,auto-syntax
Quelques difficulté d'articulation,quelques difficulté d'articulation,True,auto-syntax
Question: ou sommes nous?,question: ou sommes nous?,True,auto-syntax
R2VEIL,r2veil,True,auto-syntax
RAS,ras,True,auto-syntax
RAS BAILLE,ras baille,True,auto-syntax
RAS BOUGE,ras bouge,True,auto-syntax
RAS CLINIQUE,ras clinique,True,auto-syntax
RAS CLINIQUEMENT,ras cliniquement,True,auto-syntax
RAS Clinique,ras clinique,True,auto-syntax
RAS DORT,ras dort,True,auto-syntax
RAS Dort,ras dort,True,auto-syntax
RAS E INFRA,ras e infra,True,auto-syntax
RAS HPN,ras hpn,True,auto-syntax
RAS HPN sec,ras hpn sec,True,auto-syntax
RAS PARLE,ras parle,True,auto-syntax
RAS REPOND,ras repond,True,auto-syntax
RAS RIT,ras rit,True,auto-syntax
RAS SE GRATTTE,ras se grattte,True,auto-syntax
RAS SE SENT BIEN,ras se sent bien,True,auto-syntax
RAS arge,ras arge,True,auto-syntax
RAS clinique,ras clinique,True,auto-syntax
RAS clinique évident,ras clinique évident,True,auto-syntax
RAS cliniquement,ras cliniquement,True,auto-syntax
RAS d'évident au niveau clinique,ras d'évident au niveau clinique,True,auto-syntax
RAS d'évident cliniquement,ras d'évident cliniquement,True,auto-syntax
RAS d'évident niveau clinique,ras d'évident niveau clinique,True,auto-syntax
RAS ir,ras ir,True,auto-syntax
RAS lonie palpebrale D,ras lonie palpebrale d,True,auto-syntax
RAS on patient 1,ras on patient 1,True,auto-syntax
RE &#776;POND RAS,re 776;pond ras,True,auto-syntax
RECONNAIT LA PLANCHE TOIRE,reconnait la planche toire,True,auto-syntax
"REGARDE LE FILM ""ça""","regarde le film ""ça""",True,auto-syntax
REGARDE UN FILM SUR SON PORTABLE,regarde un film sur son portable,True,auto-syntax
RELACHE MAIN D,relache main d,True,auto-syntax
REM,rem,True,auto-syntax
REM?,rem?,True,auto-syntax
REPAS,repas,True,auto-syntax
REPETE DE SMOTS,repete de smots,True,auto-syntax
REPOND,repond,True,auto-syntax
"REPOND ""OUI""","repond ""oui""",True,auto-syntax
REPOND AU TELEPHONE,repond au telephone,True,auto-syntax
REPOND PAS DE SENSATION,repond pas de sensation,True,auto-syntax
REPOND RA S,repond ra s,True,auto-syntax
REPOND RAS,repond ras,True,auto-syntax
REPOND RESSENT CHALEUR,repond ressent chaleur,True,auto-syntax
REPOND SAIT OU IL SE TROUVE,repond sait ou il se trouve,True,auto-syntax
REPOND sec,repond sec,True,auto-syntax
REPOND. PAS DE SENSATION,repond. pas de sensation,True,auto-syntax
REPONDS,reponds,True,auto-syntax
REPREND N,reprend n,True,auto-syntax
REPRENDRE ICI,reprendre ici,True,auto-syntax
REPRENDRE ICI tion visage à droite,reprendre ici tion visage à droite,True,auto-syntax
REPRENDRE VIDEO ICI,reprendre video ici,True,auto-syntax
REPTET MOT ? DIFFICULTE A PARLER,reptet mot? difficulte a parler,True,auto-syntax
REVEIL,reveil,True,auto-syntax
REVEIL ENTES,reveil entes,True,auto-syntax
REVEIL N 40 sec,reveil n 40 sec,True,auto-syntax
REVEILLE,reveille,True,auto-syntax
REVEILLEE,reveillee,True,auto-syntax
REVEILLEE PAR L'IDE,reveillee par l'ide,True,auto-syntax
REVOIR,revoir,True,auto-syntax
RIGOLE,rigole,True,auto-syntax
RIRE,rire,True,auto-syntax
RIT,rit,True,auto-syntax
RIT TEMENTS AUX MI,rit tements aux mi,True,auto-syntax
RIVOTRIL DEBUT FERMER LES YEUX,rivotril debut fermer les yeux,True,auto-syntax
RL,rl,True,auto-syntax
RONFLE,ronfle,True,auto-syntax
RONFLE N 40 sec,ronfle n 40 sec,True,auto-syntax
RR,rr,True,auto-syntax
RR 220 sec,rr 220 sec,True,auto-syntax
RR D?,rr d?,True,auto-syntax
RR droit?,rr droit?,True,auto-syntax
RR ertex???,rr ertex?,True,auto-syntax
RR?,rr?,True,auto-syntax
RYTME *&#956;,rytme 956;,True,auto-syntax
Ramene ses bras devant elle,ramene ses bras devant elle,True,auto-syntax
Recommence à parler,recommence à parler,True,auto-syntax
Reconnait le stylo,reconnait le stylo,True,auto-syntax
Reconnait les mots é,reconnait les mots é,True,auto-syntax
"Reconnait les objets, sait ou on est","reconnait les objets, sait ou on est",True,auto-syntax
Reconnaît le stick,reconnaît le stick,True,auto-syntax
Reconnaît les images,reconnaît les images,True,auto-syntax
Recording pause,recording pause,True,auto-syntax
"Regarde TV sur sa droite, YO","regarde tv sur sa droite, yo",True,auto-syntax
Regarde sa main,regarde sa main,True,auto-syntax
Relève la tête,relève la tête,True,auto-syntax
Repas,repas,True,auto-syntax
Repas t crise,repas t crise,True,auto-syntax
Reprend son activité,reprend son activité,True,auto-syntax
Reprise activité motrice,reprise activité motrice,True,auto-syntax
Repère spatio-temporel ok,repère spatio temporel ok,True,auto-syntax
Retenez le mot bateau,retenez le mot bateau,True,auto-syntax
Rictus,rictus,True,auto-syntax
Rictus e Mb sup dt,rictus e mb sup dt,True,auto-syntax
Ronflement,ronflement,True,auto-syntax
Rotation de la tête à droite,rotation de la tête à droite,True,auto-syntax
Rotation de la tête à gauche,rotation de la tête à gauche,True,auto-syntax
Rr ard fixe,rr ard fixe,True,auto-syntax
Rythme + rapide. Fuseau?,rythme + rapide. fuseau?,True,auto-syntax
Rythme rapide,rythme rapide,True,auto-syntax
Récupère son tonus musculaire,récupère son tonus musculaire,True,auto-syntax
Réinstallé,réinstallé,True,auto-syntax
Répond immédiatement à l'interlocuteur,répond immédiatement à l'interlocuteur,True,auto-syntax
Répète fraise,répète fraise,True,auto-syntax
Réveik,réveik,True,auto-syntax
Réveil,réveil,True,auto-syntax
"Réveil, gratte yeux avec main G","réveil, gratte yeux avec main g",True,auto-syntax
Réveil?,réveil?,True,auto-syntax
S ENDORT,s endort,True,auto-syntax
S HABILLE,s habille,True,auto-syntax
S étire,s étire,True,auto-syntax
S'ETIRE,s'etire,True,auto-syntax
S'assit au bord du lit,s'assit au bord du lit,True,auto-syntax
S'endort,s'endort,True,auto-syntax
S'installe pour regarder TV,s'installe pour regarder tv,True,auto-syntax
S'étire sec,s'étire sec,True,auto-syntax
SAIT OU IL SE TROUVE,sait ou il se trouve,True,auto-syntax
SALLE DE BAIN,salle de bain,True,auto-syntax
SAT 80 %,sat 80 %,True,auto-syntax
SAT A 65,sat a 65,True,auto-syntax
SDB,sdb,True,auto-syntax
SE BROSSE LES DENTS,se brosse les dents,True,auto-syntax
SE CRISPE,se crispe,True,auto-syntax
SE DIT UN PEU FATIGUEE,se dit un peu fatiguee,True,auto-syntax
SE FROTE LE NEZ,se frote le nez,True,auto-syntax
SE FROTTE LE FRONT TE,se frotte le front te,True,auto-syntax
SE FROTTE LE NEZ,se frotte le nez,True,auto-syntax
SE FROTTE LES YEUX,se frotte les yeux,True,auto-syntax
SE GRA2TTE,se gra2tte,True,auto-syntax
SE GRATTE,se gratte,True,auto-syntax
SE GRATTE L'OREILLE,se gratte l'oreille,True,auto-syntax
SE GRATTE MACHONNE,se gratte machonne,True,auto-syntax
SE GRZTTE,se grztte,True,auto-syntax
SE L7VE,se l7ve,True,auto-syntax
SE LEVE,se leve,True,auto-syntax
SE MOUCHE 0 sec,se mouche 0 sec,True,auto-syntax
SE RACLE LA GORGE,se racle la gorge,True,auto-syntax
SE RAPPELLE DE L HISTOIRE,se rappelle de l histoire,True,auto-syntax
SE REVEILLE,se reveille,True,auto-syntax
SE SENT CONFUSE ORIENTATION S/T OK,se sent confuse orientation s/t ok,True,auto-syntax
SE SOUVIENJT DE L HISTOIRE,se souvienjt de l histoire,True,auto-syntax
SE TIENT LES YEUX PLUS,se tient les yeux plus,True,auto-syntax
SE TOURNE,se tourne,True,auto-syntax
SEANCE MEDITATION,seance meditation,True,auto-syntax
SECOUSSE,secousse,True,auto-syntax
SECOUSSE MAIN DROTE,secousse main drote,True,auto-syntax
SECOUSSE MI,secousse mi,True,auto-syntax
SECOUSSE MSD,secousse msd,True,auto-syntax
SECOUSSE TETE,secousse tete,True,auto-syntax
SECOUSSE UT,secousse ut,True,auto-syntax
SECOUSSES,secousses,True,auto-syntax
SECOUSSES MB SUP DROIT,secousses mb sup droit,True,auto-syntax
SECOUSSES MSD,secousses msd,True,auto-syntax
SECTEUR,secteur,True,auto-syntax
SENS. PINCEMENT AU COEUR,sens. pincement au coeur,True,auto-syntax
SENSAT+ION DE BUG,sensat+ion de bug,True,auto-syntax
SENSATION ANGOISSE REMONTANT VENTRE AU,sensation angoisse remontant ventre au,True,auto-syntax
SENSATION BIZARRE,sensation bizarre,True,auto-syntax
SENSATION COTE GAUCHE PARALYSE,sensation cote gauche paralyse,True,auto-syntax
SENSATION D'ELECTRICITE,sensation d'electricite,True,auto-syntax
SENSATION D'ETRE AILLEURS,sensation d'etre ailleurs,True,auto-syntax
SENSATION DANS LES MAINS,sensation dans les mains,True,auto-syntax
SENSATION DE BOUCHE QUI TIRE,sensation de bouche qui tire,True,auto-syntax
SENSATION DE CHALEUR,sensation de chaleur,True,auto-syntax
SENSATION DE COUP DE MARTEAU DS LA TETE,sensation de coup de marteau ds la tete,True,auto-syntax
SENSATION DE DEBUT DE CRISE,sensation de debut de crise,True,auto-syntax
SENSATION DE DECHARGE TEMP DTE,sensation de decharge temp dte,True,auto-syntax
SENSATION DE DECHARGE TETE DROITE,sensation de decharge tete droite,True,auto-syntax
SENSATION DE DECHARGE TETED ROITE,sensation de decharge teted roite,True,auto-syntax
SENSATION DE FOURMILLEMENT 2 MAINS,sensation de fourmillement 2 mains,True,auto-syntax
SENSATION DE FOURMILLEMENT AU 2 MAINS,sensation de fourmillement au 2 mains,True,auto-syntax
SENSATION DE PALPITATIONS,sensation de palpitations,True,auto-syntax
SENSATION DE PARTIR,sensation de partir,True,auto-syntax
SENSATION DE PERTE DE CHAMP VISUEL,sensation de perte de champ visuel,True,auto-syntax
SENSATION DE PERTE DU MOT,sensation de perte du mot,True,auto-syntax
SENSATION DE PEUR D ANGOISSE,sensation de peur d angoisse,True,auto-syntax
SENSATION DE PICOTEMENTS,sensation de picotements,True,auto-syntax
SENSATION DE RECEVOIR UNE CLAQUE,sensation de recevoir une claque,True,auto-syntax
SENSATION DE STRESS,sensation de stress,True,auto-syntax
SENSATION DE TREMBLEMENT DE MAINS,sensation de tremblement de mains,True,auto-syntax
SENSATION DE VERTIGE,sensation de vertige,True,auto-syntax
SENSATION DE VERTIGES,sensation de vertiges,True,auto-syntax
SENSATION DE ZIGZAG EN HAUT COTE G TET,sensation de zigzag en haut cote g tet,True,auto-syntax
SENSATION DEBUT DE CRISE,sensation debut de crise,True,auto-syntax
SENSATION DECHARGE LEGERE,sensation decharge legere,True,auto-syntax
SENSATION DECHARGE TEET DROITE,sensation decharge teet droite,True,auto-syntax
SENSATION DECHARGE TETE A DROITE,sensation decharge tete a droite,True,auto-syntax
SENSATION DECHARGE TETE ARRIERE DTE,sensation decharge tete arriere dte,True,auto-syntax
SENSATION DECHARGE TETE DROITE,sensation decharge tete droite,True,auto-syntax
SENSATION DECHARGE TETEARRIERE DROITE,sensation decharge tetearriere droite,True,auto-syntax
SENSATION DS LA BOUCHE,sensation ds la bouche,True,auto-syntax
SENSATION DS MACHOIRE,sensation ds machoire,True,auto-syntax
SENSATION IDENTIQUE SUR LES 2 MAINS,sensation identique sur les 2 mains,True,auto-syntax
SENSATION MAIN MOITES,sensation main moites,True,auto-syntax
SENSATION MAINS MOITES,sensation mains moites,True,auto-syntax
SENSATION MAL ETRE,sensation mal etre,True,auto-syntax
SENSATION MOINS FORTE,sensation moins forte,True,auto-syntax
SENSATION MSD,sensation msd,True,auto-syntax
SENSATION OREILLE BOUVHEE,sensation oreille bouvhee,True,auto-syntax
SENSATION PARTI,sensation parti,True,auto-syntax
SENSATION PIC 0 L ARRIERE DROITE,sensation pic 0 l arriere droite,True,auto-syntax
SENSATION PLUS FORTE,sensation plus forte,True,auto-syntax
SENSATION POUSSE SUR OREILLE DTE,sensation pousse sur oreille dte,True,auto-syntax
SENSATION TETE LOURDE,sensation tete lourde,True,auto-syntax
SENSATION TREMBLEMENT DES MAINS,sensation tremblement des mains,True,auto-syntax
SENSATION TREMBLEMENT MAIN,sensation tremblement main,True,auto-syntax
SENSATIONS ELECTRICITE MAIN DTE BRAS,sensations electricite main dte bras,True,auto-syntax
SENSATIONS MAINS MOITES,sensations mains moites,True,auto-syntax
SENSATON MICRO DECHARGE TETE DT,sensaton micro decharge tete dt,True,auto-syntax
SENSTAIONS MAIN MOITES,senstaions main moites,True,auto-syntax
SENT FOURMILLEMENT DS LA TETE,sent fourmillement ds la tete,True,auto-syntax
SEQUENCE D'OL,sequence d'ol,True,auto-syntax
SEQUENCE DE POINTES DROITES RYTHMIQUES,sequence de pointes droites rythmiques,True,auto-syntax
SEQUENCE RYTHMIQUE,sequence rythmique,True,auto-syntax
SER ROTTE LES YEUX,ser rotte les yeux,True,auto-syntax
SERRE,serre,True,auto-syntax
SERRE DROITE,serre droite,True,auto-syntax
SERRE LA MAIN MOINS FORT A GCHE,serre la main moins fort a gche,True,auto-syntax
SERRE LE POING DROIT HE,serre le poing droit he,True,auto-syntax
SERRE LE POING INGS,serre le poing ings,True,auto-syntax
SERRE LES DEUX MAINS,serre les deux mains,True,auto-syntax
SERRE LES POINGS,serre les poings,True,auto-syntax
SERRE MAIN G,serre main g,True,auto-syntax
SERRE ents des mains,serre ents des mains,True,auto-syntax
SERT LES 2 MAINS PAREIL,sert les 2 mains pareil,True,auto-syntax
SESNATION DECHARGE TETE DROITE,sesnation decharge tete droite,True,auto-syntax
SIESTE,sieste,True,auto-syntax
SIGNALE DES FOURMILLEMENTS DES 2 MAINS,signale des fourmillements des 2 mains,True,auto-syntax
SIGNALE QU'IL VA FAIRE UNE CRISE,signale qu'il va faire une crise,True,auto-syntax
SNESATION DECHAGE TETE DROITE,snesation dechage tete droite,True,auto-syntax
SOMNOLE,somnole,True,auto-syntax
SOMNOLE sec,somnole sec,True,auto-syntax
SONNE,sonne,True,auto-syntax
SONNE E CA NE VA PAS,sonne e ca ne va pas,True,auto-syntax
SONNERIE TELEPHONE,sonnerie telephone,True,auto-syntax
SOURIT,sourit,True,auto-syntax
SOURIT SANS RAISON TE,sourit sans raison te,True,auto-syntax
SPASME,spasme,True,auto-syntax
SPINDLES,spindles,True,auto-syntax
SPORT,sport,True,auto-syntax
SR GRATTE,sr gratte,True,auto-syntax
STOP ICI,stop ici,True,auto-syntax
STSIMULATION RESPIRATOIRE,stsimulation respiratoire,True,auto-syntax
SUITE SEQUENCE RYTHMIQUE,suite sequence rythmique,True,auto-syntax
SURSAUR MSG,sursaur msg,True,auto-syntax
SURSAUT,sursaut,True,auto-syntax
SURSAUT TETE A VOIR,sursaut tete a voir,True,auto-syntax
SURSAUT VISAGE,sursaut visage,True,auto-syntax
SURSAUTS,sursauts,True,auto-syntax
Sait dire son prénom,sait dire son prénom,True,auto-syntax
Sait dénommer les objets montrés,sait dénommer les objets montrés,True,auto-syntax
Sait montrer la fenêtre,sait montrer la fenêtre,True,auto-syntax
Sait qu'on est à Sainte-Anne,sait qu'on est à sainte anne,True,auto-syntax
Salle de Bain,salle de bain,True,auto-syntax
Salle de bain,salle de bain,True,auto-syntax
Salle de bain$,salle de bain,True,auto-syntax
Scene en couleurs,scene en couleurs,True,auto-syntax
Se frotte OG avec index G,se frotte og avec index g,True,auto-syntax
Se gratte,se gratte,True,auto-syntax
Se redresse,se redresse,True,auto-syntax
Se réinstalle,se réinstalle,True,auto-syntax
Se réinstalle sur la G,se réinstalle sur la g,True,auto-syntax
Se réveille et se repositionne,se réveille et se repositionne,True,auto-syntax
Se touche la main droite,se touche la main droite,True,auto-syntax
Secousses MID,secousses mid,True,auto-syntax
Secousses MSD,secousses msd,True,auto-syntax
Secousses MSG,secousses msg,True,auto-syntax
Secousses du bassin,secousses du bassin,True,auto-syntax
Sens de crispation au niveau de la tête,sens de crispation au niveau de la tête,True,auto-syntax
Sens de début de crises,sens de début de crises,True,auto-syntax
Sens désagréable nausées,sens désagréable nausées,True,auto-syntax
Sens. Opression du cerveau à gauche,sens. opression du cerveau à gauche,True,auto-syntax
Sens. d'avoir une boule ds le ventre,sens. d'avoir une boule ds le ventre,True,auto-syntax
Sens. de décharge dans le corps,sens. de décharge dans le corps,True,auto-syntax
Sens. de fourmillements ds les mains,sens. de fourmillements ds les mains,True,auto-syntax
Sens. picottement Levre sup gche,sens. picottement levre sup gche,True,auto-syntax
Sensation Bras dt + Bouche à droite,sensation bras dt + bouche à droite,True,auto-syntax
Sensation MD + Bouche Côté Droit,sensation md + bouche côté droit,True,auto-syntax
Sensation d'avoir,sensation d'avoir,True,auto-syntax
Sensation d'une aiguille qui rentre,sensation d'une aiguille qui rentre,True,auto-syntax
Sensation dans le bras droit,sensation dans le bras droit,True,auto-syntax
Sensation dans le genou genou,sensation dans le genou genou,True,auto-syntax
Sensation de chaleur comme début crise,sensation de chaleur comme début crise,True,auto-syntax
Sensation de crise,sensation de crise,True,auto-syntax
Sensation de début de crise,sensation de début de crise,True,auto-syntax
Sensation de début de crise en post Hpn,sensation de début de crise en post hpn,True,auto-syntax
Sensation de décharge dans le coeur,sensation de décharge dans le coeur,True,auto-syntax
Sensation de froid dans hemi droit,sensation de froid dans hemi droit,True,auto-syntax
Sensation de lourdeur,sensation de lourdeur,True,auto-syntax
Sensation de respiration saccadée,sensation de respiration saccadée,True,auto-syntax
Sensation de vertige,sensation de vertige,True,auto-syntax
Sensation début de crise QQ SEC AVANT,sensation début de crise qq sec avant,True,auto-syntax
Sensation main droite,sensation main droite,True,auto-syntax
Sensation prémonitoire,sensation prémonitoire,True,auto-syntax
Sensation qu'on lui tire les mains,sensation qu'on lui tire les mains,True,auto-syntax
Sensation que le mollet gch veut bouger,sensation que le mollet gch veut bouger,True,auto-syntax
Sent comme un voile qui passe au niveau,sent comme un voile qui passe au niveau,True,auto-syntax
Sent encore qqc sur sa main,sent encore qqc sur sa main,True,auto-syntax
Sent que ca vient derriere l'orielle co,sent que ca vient derriere l'orielle co,True,auto-syntax
Sent que le froid monte au niv du nez,sent que le froid monte au niv du nez,True,auto-syntax
Serre et desserre la main droite,serre et desserre la main droite,True,auto-syntax
Serre la main,serre la main,True,auto-syntax
Sieste,sieste,True,auto-syntax
Sommeil,sommeil,True,auto-syntax
Sommeil LES YEUX,sommeil les yeux,True,auto-syntax
Sommeil lent profond,sommeil lent profond,True,auto-syntax
Somnole,somnole,True,auto-syntax
Sonne,sonne,True,auto-syntax
Sonne pour prévenir d'une crise,sonne pour prévenir d'une crise,True,auto-syntax
Soulevement mb sup G,soulevement mb sup g,True,auto-syntax
Spasme,spasme,True,auto-syntax
Spasme doigts dt,spasme doigts dt,True,auto-syntax
Spasme e,spasme e,True,auto-syntax
Spasme pasme,spasme pasme,True,auto-syntax
Spasme pe t à Crier leurs abdo,spasme pe t à crier leurs abdo,True,auto-syntax
Spasme ui donne l'Urbanyl,spasme ui donne l'urbanyl,True,auto-syntax
Stop mvt Mbinf,stop mvt mbinf,True,auto-syntax
Suite HPN,suite hpn,True,auto-syntax
Sursaut,sursaut,True,auto-syntax
Sursaut / Crise,sursaut / crise,True,auto-syntax
Sursaut ?,sursaut?,True,auto-syntax
Sursaut complexe K?,sursaut complexe k?,True,auto-syntax
Sursaut corps,sursaut corps,True,auto-syntax
Sursaut de tout le corps,sursaut de tout le corps,True,auto-syntax
Sursaut ds les 5 à 10 min précedente,sursaut ds les 5 à 10 min précedente,True,auto-syntax
Sursaut du corps,sursaut du corps,True,auto-syntax
Sursaut/ crise ?,sursaut/ crise?,True,auto-syntax
Séquences de pointes,séquences de pointes,True,auto-syntax
T,t,True,auto-syntax
T 1-T 2 3.0mA 1.0Hz 3025&#956;sec,t 1 t 2 3.0ma 1.0hz 3025956;sec,True,auto-syntax
T VERIFI2E,t verifi2e,True,auto-syntax
T3,t3,True,auto-syntax
T3 F7,t3 f7,True,auto-syntax
T3 T5,t3 t5,True,auto-syntax
T3 VERIFI2E,t3 verifi2e,True,auto-syntax
T3 VERIFIEE,t3 verifiee,True,auto-syntax
T3 Vérifiée = musculaire,t3 vérifiée = musculaire,True,auto-syntax
T3T5,t3t5,True,auto-syntax
T4,t4,True,auto-syntax
T5,t5,True,auto-syntax
T5O1,t5o1,True,auto-syntax
T6,t6,True,auto-syntax
TAPOTE,tapote,True,auto-syntax
TAPOTE SUR SES CUISSES,tapote sur ses cuisses,True,auto-syntax
TAPOTTE,tapotte,True,auto-syntax
TD,td,True,auto-syntax
TELEPHONE,telephone,True,auto-syntax
TELEPHONE SONNE,telephone sonne,True,auto-syntax
TELOPHONE SONNE,telophone sonne,True,auto-syntax
TEMPS CALME,temps calme,True,auto-syntax
TEND LES BRAS : ok,tend les bras: ok,True,auto-syntax
TEST SATUROMETRE PAR TECHNICIENNE,test saturometre par technicienne,True,auto-syntax
TEST SATUROMETRE SAT TECHNICIENNE,test saturometre sat technicienne,True,auto-syntax
TETE TOURNE,tete tourne,True,auto-syntax
TETHA D,tetha d,True,auto-syntax
TG,tg,True,auto-syntax
THETA RYTHMIQUE,theta rythmique,True,auto-syntax
THETA RYTMHIQUE TEMP d,theta rytmhique temp d,True,auto-syntax
THETA tg,theta tg,True,auto-syntax
THORAX,thorax,True,auto-syntax
TIRE LA LANGUE,tire la langue,True,auto-syntax
TIRE LA LANGUE IGNE YF,tire la langue igne yf,True,auto-syntax
TOILETTES,toilettes,True,auto-syntax
TOMBE,tombe,True,auto-syntax
TOUCHE LA TETE,touche la tete,True,auto-syntax
TOUISSE,touisse,True,auto-syntax
TOUSSE,tousse,True,auto-syntax
TOUSSE DE CRISE,tousse de crise,True,auto-syntax
TOUSSE N 20 sec,tousse n 20 sec,True,auto-syntax
TOUSSE N 60 sec,tousse n 60 sec,True,auto-syntax
TOUSSE sec,tousse sec,True,auto-syntax
TP Dte,tp dte,True,auto-syntax
TP10 VERIFI2E,tp10 verifi2e,True,auto-syntax
TP10 verifiée,tp10 verifiée,True,auto-syntax
TP9 VERIFI2E,tp9 verifi2e,True,auto-syntax
TRAIN DE PV,train de pv,True,auto-syntax
TREMBLEMENT MAIN G,tremblement main g,True,auto-syntax
TREMBLEMENT MB SUP DROIT,tremblement mb sup droit,True,auto-syntax
TREMBLEMENTS MS,tremblements ms,True,auto-syntax
TREMBLEMNT MAIN RESSENTI,tremblemnt main ressenti,True,auto-syntax
TROUBLE DE LA VIGILANCE,trouble de la vigilance,True,auto-syntax
Tachycardie,tachycardie,True,auto-syntax
Tapping,tapping,True,auto-syntax
Tapping ec,tapping ec,True,auto-syntax
Temp D,temp d,True,auto-syntax
Temporal gauche P,temporal gauche p,True,auto-syntax
Temps Calme,temps calme,True,auto-syntax
Temps calme,temps calme,True,auto-syntax
Temps calme sec,temps calme sec,True,auto-syntax
Tend le bras droit pour couper TV,tend le bras droit pour couper tv,True,auto-syntax
Tend les bras à la demande,tend les bras à la demande,True,auto-syntax
Tente de parler mais n'y arrive pas,tente de parler mais n'y arrive pas,True,auto-syntax
Test lumiere: myoclonies torse + visage,test lumiere: myoclonies torse + visage,True,auto-syntax
Test lumiere:myoclonies ms+mi+visage,test lumiere:myoclonies ms+mi+visage,True,auto-syntax
Test lumiere:pas myoclonies et reaction,test lumiere:pas myoclonies et reaction,True,auto-syntax
Test à l'eau froide,test à l'eau froide,True,auto-syntax
Teste lumière=>myoclonies ms+mi+visage,teste lumière=>myoclonies ms+mi+visage,True,auto-syntax
Toilettes,toilettes,True,auto-syntax
Toucher,toucher,True,auto-syntax
Touché identique des 2 cotés,touché identique des 2 cotés,True,auto-syntax
Toujours Fourmillement levres + mains,toujours fourmillement levres + mains,True,auto-syntax
Tourne la tete a droite,tourne la tete a droite,True,auto-syntax
Tourne la tête,tourne la tête,True,auto-syntax
Tourne tête,tourne tête,True,auto-syntax
"Tourne tête à D, non tonique. Vers TV ?","tourne tête à d, non tonique. vers tv?",True,auto-syntax
Tourne tête à gauche,tourne tête à gauche,True,auto-syntax
Tourne un peu la tête sur la gauche,tourne un peu la tête sur la gauche,True,auto-syntax
"Tourne, réagit à mon arrivée à l'ouvertu","tourne, réagit à mon arrivée à l'ouvertu",True,auto-syntax
Tousse,tousse,True,auto-syntax
Tout va bien ?,tout va bien?,True,auto-syntax
Tout va bien ? Oui immédiat,tout va bien? oui immédiat,True,auto-syntax
Toute petite secousse,toute petite secousse,True,auto-syntax
Tracé Standard,tracé standard,True,auto-syntax
Tremblement/ Trémulations du bras gauche,tremblement/ trémulations du bras gauche,True,auto-syntax
Tremblements ???,tremblements?,True,auto-syntax
Tremblements intenses,tremblements intenses,True,auto-syntax
Tresautement genou gch,tresautement genou gch,True,auto-syntax
Tressautement genou droit,tressautement genou droit,True,auto-syntax
Tressautement genou gch,tressautement genou gch,True,auto-syntax
Tressautemlent genou gch,tressautemlent genou gch,True,auto-syntax
Trouve les bonnes images,trouve les bonnes images,True,auto-syntax
Trémeulations BG,trémeulations bg,True,auto-syntax
Têtha,têtha,True,auto-syntax
Un crayon,un crayon,True,auto-syntax
VA AUX WC,va aux wc,True,auto-syntax
VA BIEN,va bien,True,auto-syntax
VEILLE,veille,True,auto-syntax
VERIF PULSE o2,verif pulse o2,True,auto-syntax
VERIFICATION OXYMETRE,verification oxymetre,True,auto-syntax
VISAGE CRISPE,visage crispe,True,auto-syntax
"VOILA voilà""","voila voilà""",True,auto-syntax
VOIR,voir,True,auto-syntax
VOIR FRONTAL G,voir frontal g,True,auto-syntax
VOIR MAIN DROITE,voir main droite,True,auto-syntax
VOIR OL AIGUES à DROITE,voir ol aigues à droite,True,auto-syntax
VOIR YEUX,voir yeux,True,auto-syntax
Verification electrode,verification electrode,True,auto-syntax
Version tronc et tête à droite,version tronc et tête à droite,True,auto-syntax
Version tête à droite,version tête à droite,True,auto-syntax
Voir T6$,voir t6,True,auto-syntax
Voit des étoiles,voit des étoiles,True,auto-syntax
W3-W4 3.0mA 1.0Hz 3025&#956;sec,w3 w4 3.0ma 1.0hz 3025956;sec,True,auto-syntax
W6-W7 3.0mA 1.0Hz 3025&#956;sec,w6 w7 3.0ma 1.0hz 3025956;sec,True,auto-syntax
Wicked spike?,wicked spike?,True,auto-syntax
X,x,True,auto-syntax
Y FERMES LE VA MIEUX,y fermes le va mieux,True,auto-syntax
Y TENUS paules,y tenus paules,True,auto-syntax
Y9-Y10 3.0mA 1.0Hz 3025&#956;sec,y9 y10 3.0ma 1.0hz 3025956;sec,True,auto-syntax
YEUX A GAUCHE,yeux a gauche,True,auto-syntax
YEUX OUV,yeux ouv,True,auto-syntax
YEUX TENUS,yeux tenus,True,auto-syntax
YEUX TENUS E FRONT TE,yeux tenus e front te,True,auto-syntax
YF,yf,True,auto-syntax
YF 240 sec,yf 240 sec,True,auto-syntax
YF : lecture,yf: lecture,True,auto-syntax
YF EIL,yf eil,True,auto-syntax
YF GE,yf ge,True,auto-syntax
YF HPN,yf hpn,True,auto-syntax
YF HPN N,yf hpn n,True,auto-syntax
YF HPN sec,yf hpn sec,True,auto-syntax
YF Hz,yf hz,True,auto-syntax
YF L0 S,yf l0 s,True,auto-syntax
YF LA patient 1,yf la patient 1,True,auto-syntax
YF LE,yf le,True,auto-syntax
YF LE N,yf le n,True,auto-syntax
YF MALIES,yf malies,True,auto-syntax
YF NALE UNE SENSAION,yf nale une sensaion,True,auto-syntax
YF NTES sec,yf ntes sec,True,auto-syntax
YF RE LES POINGS,yf re les poings,True,auto-syntax
YF RENDRE ICI,yf rendre ici,True,auto-syntax
YF REVEILLE,yf reveille,True,auto-syntax
YF RICITE,yf ricite,True,auto-syntax
YF SATION DE PARTIR,yf sation de partir,True,auto-syntax
YF SE SENTIR BIEN,yf se sentir bien,True,auto-syntax
YF SERE LES MAINS,yf sere les mains,True,auto-syntax
YF SERRE LE POING DRIT,yf serre le poing drit,True,auto-syntax
YF cutz la consigne YF,yf cutz la consigne yf,True,auto-syntax
YF e RA,yf e ra,True,auto-syntax
YF eil,yf eil,True,auto-syntax
YF ernal button,yf ernal button,True,auto-syntax
YF ffée,yf ffée,True,auto-syntax
YF ge,yf ge,True,auto-syntax
YF gratte ras,yf gratte ras,True,auto-syntax
YF harge,yf harge,True,auto-syntax
YF là,yf là,True,auto-syntax
YF malies,yf malies,True,auto-syntax
YF meil,yf meil,True,auto-syntax
YF n HPN,yf n hpn,True,auto-syntax
YF ne pour signaler une crise,yf ne pour signaler une crise,True,auto-syntax
YF ng dt sérré,yf ng dt sérré,True,auto-syntax
YF ntes,yf ntes,True,auto-syntax
YF ntes g c al g,yf ntes g c al g,True,auto-syntax
YF oir,yf oir,True,auto-syntax
YF ok,yf ok,True,auto-syntax
YF ording pause,yf ording pause,True,auto-syntax
YF ousse,yf ousse,True,auto-syntax
YF rme 1,yf rme 1,True,auto-syntax
YF sation absence avant alarme,yf sation absence avant alarme,True,auto-syntax
YF saut :début de crise,yf saut:début de crise,True,auto-syntax
YF sme,yf sme,True,auto-syntax
YF sse,yf sse,True,auto-syntax
YF t,yf t,True,auto-syntax
YF t HPN 60 sec,yf t hpn 60 sec,True,auto-syntax
YF tire,yf tire,True,auto-syntax
YF ton patient 1,yf ton patient 1,True,auto-syntax
YF ton patient 1 e,yf ton patient 1 e,True,auto-syntax
YF ton patient 2,yf ton patient 2,True,auto-syntax
YF vement MSG,yf vement msg,True,auto-syntax
YF x fermés,yf x fermés,True,auto-syntax
YF ythmiques,yf ythmiques,True,auto-syntax
YF z,yf z,True,auto-syntax
YF z ES,yf z es,True,auto-syntax
YF z PN,yf z pn,True,auto-syntax
YF z PN sec,yf z pn sec,True,auto-syntax
YF z n patient 2,yf z n patient 2,True,auto-syntax
YF z n patient 3,yf z n patient 3,True,auto-syntax
YO,yo,True,auto-syntax
YO 200 sec,yo 200 sec,True,auto-syntax
YO 240 sec,yo 240 sec,True,auto-syntax
YO 240 sec ete,yo 240 sec ete,True,auto-syntax
YO GE,yo ge,True,auto-syntax
YO GE E SES JAMBES,yo ge e ses jambes,True,auto-syntax
YO HARGE,yo harge,True,auto-syntax
YO HPN,yo hpn,True,auto-syntax
YO HPN ec,yo hpn ec,True,auto-syntax
YO HPN sec,yo hpn sec,True,auto-syntax
YO Hz,yo hz,True,auto-syntax
YO LA patient 1,yo la patient 1,True,auto-syntax
YO LE N sec,yo le n sec,True,auto-syntax
YO LLE,yo lle,True,auto-syntax
YO LUTIT,yo lutit,True,auto-syntax
YO MALIES,yo malies,True,auto-syntax
YO NTES,yo ntes,True,auto-syntax
YO NTES sec,yo ntes sec,True,auto-syntax
YO QU4ELLE VA BIEN,yo qu4elle va bien,True,auto-syntax
YO RIT,yo rit,True,auto-syntax
YO S PN,yo s pn,True,auto-syntax
YO SERRE LES POINGS,yo serre les poings,True,auto-syntax
YO SSE,yo sse,True,auto-syntax
YO SSE N 60 sec,yo sse n 60 sec,True,auto-syntax
YO X TENUS,yo x tenus,True,auto-syntax
YO avoir eu sursaut épaule,yo avoir eu sursaut épaule,True,auto-syntax
YO emp. Gche,yo emp. gche,True,auto-syntax
YO gratte c,yo gratte c,True,auto-syntax
YO le N sec,yo le n sec,True,auto-syntax
YO malie gauche,yo malie gauche,True,auto-syntax
YO ntes,yo ntes,True,auto-syntax
YO ntes g c al g,yo ntes g c al g,True,auto-syntax
YO ond ras,yo ond ras,True,auto-syntax
YO ording pause,yo ording pause,True,auto-syntax
YO ousse Main Dte,yo ousse main dte,True,auto-syntax
YO sation est passée,yo sation est passée,True,auto-syntax
YO saut bras d,yo saut bras d,True,auto-syntax
YO serre les poings,yo serre les poings,True,auto-syntax
YO sse,yo sse,True,auto-syntax
YO t HPN 20 sec,yo t hpn 20 sec,True,auto-syntax
YO t HPN 40 sec,yo t hpn 40 sec,True,auto-syntax
YO t HPN 60 sec,yo t hpn 60 sec,True,auto-syntax
YO t HPN 60 sec ngs,yo t hpn 60 sec ngs,True,auto-syntax
YO t un clignotement blanc,yo t un clignotement blanc,True,auto-syntax
YO tire,yo tire,True,auto-syntax
YO ut HPN,yo ut hpn,True,auto-syntax
YO x Tenus,yo x tenus,True,auto-syntax
YO z,yo z,True,auto-syntax
YO z ES sec,yo z es sec,True,auto-syntax
YO z PN sec,yo z pn sec,True,auto-syntax
YO z n patient 2,yo z n patient 2,True,auto-syntax
YT,yt,True,auto-syntax
YT efact sur C4?,yt efact sur c4?,True,auto-syntax
YT saut ds les 5 à 10 min précedente,yt saut ds les 5 à 10 min précedente,True,auto-syntax
YX FERMES NE BOUGE PLUS,yx fermes ne bouge plus,True,auto-syntax
YX NON TENUS,yx non tenus,True,auto-syntax
Yeux Fermés,yeux fermés,True,auto-syntax
Yeux Ouverts,yeux ouverts,True,auto-syntax
Yeux Ouverts brales,yeux ouverts brales,True,auto-syntax
Yeux Ouverts ec,yeux ouverts ec,True,auto-syntax
Yeux Tenus,yeux tenus,True,auto-syntax
Yeux fermés,yeux fermés,True,auto-syntax
Yeux fermés elle fait une crise,yeux fermés elle fait une crise,True,auto-syntax
Yeux fermés l G? temp G?,yeux fermés l g? temp g?,True,auto-syntax
Yeux fermés t pas du mot a retenir,yeux fermés t pas du mot a retenir,True,auto-syntax
Yeux fermés ébrales,yeux fermés ébrales,True,auto-syntax
Yeux ouverts,yeux ouverts,True,auto-syntax
Yeux ouverts ec,yeux ouverts ec,True,auto-syntax
Yeux ouverts inue,yeux ouverts inue,True,auto-syntax
Yeux ouverts t pas du mot a retenir,yeux ouverts t pas du mot a retenir,True,auto-syntax
Yeux ouverts tenus,yeux ouverts tenus,True,auto-syntax
Yeux tenus,yeux tenus,True,auto-syntax
Yf,yf,True,auto-syntax
^k,k,True,auto-syntax
^p,p,True,auto-syntax
^pd,pd,True,auto-syntax
a GARDER EN ROUGE,a garder en rouge,True,auto-syntax
a attrapé les clefs montrées,a attrapé les clefs montrées,False,unchanged
a chaud,a chaud,False,unchanged
a dit que avant sentait+MIG(contraction),a dit que avant sentait+mig(contraction),True,auto-syntax
a l'hopital,a l'hopital,False,unchanged
a la fin de l'HPN,a la fin de l'hpn,True,auto-syntax
a la salle d'eau,a la salle d'eau,False,unchanged
a mal à la tete,a mal à la tete,False,unchanged
a posteriori dit avoir une sensation,a posteriori dit avoir une sensation,False,unchanged
a pu dire ou elle était pdt la crise,a pu dire ou elle était pdt la crise,False,unchanged
a regarder,a regarder,False,unchanged
a ressenti décharge éléctrique ventre,a ressenti décharge éléctrique ventre,False,unchanged
a ressenti une sensation de stress abdo,a ressenti une sensation de stress abdo,False,unchanged
a signalé avant que ca arrive,a signalé avant que ca arrive,False,unchanged
a son entorse faite juste avant hospit,a son entorse faite juste avant hospit,False,unchanged
a voir,a voir,False,unchanged
a voir ?,a voir?,True,auto-syntax
"a voir CI,","a voir ci,",True,auto-syntax
a voir comportement bizarre,a voir comportement bizarre,False,unchanged
a voir crise?,a voir crise?,False,unchanged
a voir e les yeux,a voir e les yeux,False,unchanged
a voir e tête et et quelques electrodes,a voir e tête et et quelques electrodes,False,unchanged
a voir se contracte main dt,a voir se contracte main dt,False,unchanged
a voir éveil,a voir éveil,False,unchanged
a voir!!!,a voir!,True,auto-syntax
a voir?,a voir?,False,unchanged
a voire ++++,a voire +,True,auto-syntax
absence,absence,False,unchanged
absence avec PDC incomplète,absence avec pdc incomplète,True,auto-syntax
accentuation tremblement pouce G,accentuation tremblement pouce g,True,auto-syntax
accélération et diff rythmes rapides,accélération et diff rythmes rapides,False,unchanged
acitivité de pointes rythmique,acitivité de pointes rythmique,False,unchanged
acrivité rythmique,acrivité rythmique,False,unchanged
activiré rapide,activiré rapide,False,unchanged
activite 02,activite 02,False,unchanged
activite de pintes rythmiques,activite de pintes rythmiques,False,unchanged
activite de pointes D ryth,activite de pointes d ryth,True,auto-syntax
activite o2,activite o2,False,unchanged
activite o2/t6,activite o2/t6,False,unchanged
activite o2?,activite o2?,False,unchanged
activite rythmique en o2?,activite rythmique en o2?,False,unchanged
activité OL rythmiques,activité ol rythmiques,True,auto-syntax
activité de pointes,activité de pointes,False,unchanged
activité de pointes rythmiques,activité de pointes rythmiques,False,unchanged
activité de pointes rythmiques G,activité de pointes rythmiques g,True,auto-syntax
activité de ptes rythmiques,activité de ptes rythmiques,False,unchanged
activité lent rythmique,activité lent rythmique,False,unchanged
activité lente gauche.,activité lente gauche.,False,unchanged
activité lente gauche??,activité lente gauche?,True,auto-syntax
activité paroxystiques rapides,activité paroxystiques rapides,False,unchanged
activité rapide,activité rapide,False,unchanged
activité rapide sut T4,activité rapide sut t4,True,auto-syntax
activité rapie,activité rapie,False,unchanged
activité ryrhmique,activité ryrhmique,False,unchanged
activité rythmique,activité rythmique,False,unchanged
activité rythmique D,activité rythmique d,True,auto-syntax
activité rythmique G,activité rythmique g,True,auto-syntax
activité rythmique dur FP2,activité rythmique dur fp2,True,auto-syntax
activité rythmque,activité rythmque,False,unchanged
activité rytjhmique,activité rytjhmique,False,unchanged
activuté rythmique,activuté rythmique,False,unchanged
acyivité rythmique,acyivité rythmique,False,unchanged
agitation,agitation,False,unchanged
alarme,alarme,False,unchanged
alarme : picotement gorge,alarme: picotement gorge,True,auto-syntax
alarme faite par la maman,alarme faite par la maman,False,unchanged
alarme sensation,alarme sensation,False,unchanged
alarme sonne sans raison,alarme sonne sans raison,False,unchanged
allègement du sommeil?,allègement du sommeil?,False,unchanged
alors que habituellement c'est à D,alors que habituellement c'est à d,True,auto-syntax
alpha variant??,alpha variant?,True,auto-syntax
amorce de crise,amorce de crise,False,unchanged
amorce de crise?,amorce de crise?,False,unchanged
amorse crise?,amorse crise?,False,unchanged
angoisse diminue,angoisse diminue,False,unchanged
angoisse qui monte peur irraisonnée,angoisse qui monte peur irraisonnée,False,unchanged
angoisse toujours présente,angoisse toujours présente,False,unchanged
année ok,année ok,False,unchanged
ano,ano,False,unchanged
ano ++,ano +,True,auto-syntax
ano +++,ano +,True,auto-syntax
ano 240 sec,ano 240 sec,False,unchanged
ano D,ano d,True,auto-syntax
ano G,ano g,True,auto-syntax
ano G ?,ano g?,True,auto-syntax
ano g,ano g,False,unchanged
ano interC,ano interc,True,auto-syntax
anoamlies,anoamlies,False,unchanged
anoamlies asynchrones,anoamlies asynchrones,False,unchanged
anoamlies droites,anoamlies droites,False,unchanged
anomale,anomale,False,unchanged
anomalie,anomalie,False,unchanged
anomalie ++,anomalie +,True,auto-syntax
anomalie ec,anomalie ec,False,unchanged
anomalie favorisée hpn,anomalie favorisée hpn,False,unchanged
anomalie gauche,anomalie gauche,False,unchanged
anomalie pointue,anomalie pointue,False,unchanged
anomalie s,anomalie s,False,unchanged
"anomalie, répond","anomalie, répond",False,unchanged
anomalies,anomalies,False,unchanged
anomalies +,anomalies +,False,unchanged
anomalies >droites,anomalies >droites,False,unchanged
anomalies D,anomalies d,True,auto-syntax
anomalies D OITES,anomalies d oites,True,auto-syntax
anomalies G,anomalies g,True,auto-syntax
anomalies G et D,anomalies g et d,True,auto-syntax
anomalies asynchrones,anomalies asynchrones,False,unchanged
anomalies bilataterales,anomalies bilataterales,False,unchanged
anomalies bilatérales,anomalies bilatérales,False,unchanged
anomalies c,anomalies c,False,unchanged
anomalies d,anomalies d,False,unchanged
anomalies diffuses,anomalies diffuses,False,unchanged
anomalies droites,anomalies droites,False,unchanged
"anomalies droites ,","anomalies droites,",True,auto-syntax
anomalies e pointes D ryth,anomalies e pointes d ryth,True,auto-syntax
anomalies g,anomalies g,False,unchanged
anomalies gauche,anomalies gauche,False,unchanged
anomalies ient 1,anomalies ient 1,False,unchanged
anomalies il,anomalies il,False,unchanged
anomalies lentes T G,anomalies lentes t g,True,auto-syntax
anomalies prédominent à droite,anomalies prédominent à droite,False,unchanged
anomalies temporales droites,anomalies temporales droites,False,unchanged
anomalies temporales gauches,anomalies temporales gauches,False,unchanged
anomalies temporo-pariétales >D,anomalies temporo pariétales >d,True,auto-syntax
anomalies ts main g,anomalies ts main g,False,unchanged
anomalies++,anomalies+,True,auto-syntax
anomalies?,anomalies?,False,unchanged
anomaliesG,anomaliesg,True,auto-syntax
anomalioes G,anomalioes g,True,auto-syntax
anomalis?,anomalis?,False,unchanged
ant gauche lent,ant gauche lent,False,unchanged
ap,ap,False,unchanged
aplatissement,aplatissement,False,unchanged
aplatissement G?,aplatissement g?,True,auto-syntax
aplatissement RAS,aplatissement ras,True,auto-syntax
aplatissement TD suivi d'OL rythmiques,aplatissement td suivi d'ol rythmiques,True,auto-syntax
aplatissement diffus,aplatissement diffus,False,unchanged
aplatissement droit,aplatissement droit,False,unchanged
aplatissement sur Fp1-F7?,aplatissement sur fp1 f7?,True,auto-syntax
aplatissement surtout gauche?*,aplatissement surtout gauche?,True,auto-syntax
aplatissement à gauche?,aplatissement à gauche?,False,unchanged
aplatissement?,aplatissement?,False,unchanged
app gauche?,app gauche?,False,unchanged
appel l'IDE,appel l'ide,True,auto-syntax
appel par le prénom,appel par le prénom,False,unchanged
appel à l'astreinte car sensation crise,appel à l'astreinte car sensation crise,False,unchanged
appelle,appelle,False,unchanged
appelle avec sonnette,appelle avec sonnette,False,unchanged
appelle encore,appelle encore,False,unchanged
appelle infirmière,appelle infirmière,False,unchanged
appelle maman,appelle maman,False,unchanged
applatissement,applatissement,False,unchanged
applatissement diffus?,applatissement diffus?,False,unchanged
applatissement du tracé????,applatissement du tracé?,True,auto-syntax
arret activité,arret activité,False,unchanged
arret comportemental?,arret comportemental?,False,unchanged
arret crispation,arret crispation,False,unchanged
arret de l'activité,arret de l'activité,False,unchanged
arret du tapping,arret du tapping,False,unchanged
arret mvt,arret mvt,False,unchanged
arret puis reprise dutapping,arret puis reprise dutapping,False,unchanged
arret puis reprise tapping,arret puis reprise tapping,False,unchanged
arret sport,arret sport,False,unchanged
arret tapping,arret tapping,False,unchanged
"arret tapping, pas de suspension de","arret tapping, pas de suspension de",False,unchanged
arrets des mouvements,arrets des mouvements,False,unchanged
arrety de l'activité,arrety de l'activité,False,unchanged
"arrive a articuler, mais pas de son","arrive a articuler, mais pas de son",False,unchanged
arrive a dire que nous sommes jeudi,arrive a dire que nous sommes jeudi,False,unchanged
arrivee inf,arrivee inf,False,unchanged
arrivée de l'infirmière.,arrivée de l'infirmière.,False,unchanged
arrivée infirmière,arrivée infirmière,False,unchanged
arrivée infirmière en chambre,arrivée infirmière en chambre,False,unchanged
arrêt activité,arrêt activité,False,unchanged
arrêt de cet automatisme,arrêt de cet automatisme,False,unchanged
arrêt de l'activité,arrêt de l'activité,False,unchanged
arrêt de toute activité,arrêt de toute activité,False,unchanged
arrêt des clonies main droite,arrêt des clonies main droite,False,unchanged
arrêt tapping,arrêt tapping,False,unchanged
arrête son activité,arrête son activité,False,unchanged
art ?,art?,True,auto-syntax
artafact tp9++,artafact tp9+,True,auto-syntax
artefact,artefact,False,unchanged
artefact F10,artefact f10,True,auto-syntax
artefact T6,artefact t6,True,auto-syntax
artefact TP10,artefact tp10,True,auto-syntax
artefact car sursaute en riant,artefact car sursaute en riant,False,unchanged
artefact corrigé,artefact corrigé,False,unchanged
artefact de ?,artefact de?,True,auto-syntax
artefact de fils,artefact de fils,False,unchanged
artefact de passage,artefact de passage,False,unchanged
artefact de reférence,artefact de reférence,False,unchanged
artefact de repositionement pulse,artefact de repositionement pulse,False,unchanged
artefact dû au tapping,artefact dû au tapping,False,unchanged
artefact f7a,artefact f7a,False,unchanged
artefact f8,artefact f8,False,unchanged
artefact fp1,artefact fp1,False,unchanged
artefact paupières?,artefact paupières?,False,unchanged
artefact sur F10?,artefact sur f10?,True,auto-syntax
artefact sur O2,artefact sur o2,True,auto-syntax
artefact sur mvt du pied,artefact sur mvt du pied,False,unchanged
artefact?,artefact?,False,unchanged
artefact??,artefact?,True,auto-syntax
artefact???,artefact?,True,auto-syntax
artefacts claping,artefacts claping,False,unchanged
artefacts de remise electrode,artefacts de remise electrode,False,unchanged
artefacts pour delta rythmique?,artefacts pour delta rythmique?,False,unchanged
artefacts sur F7?,artefacts sur f7?,True,auto-syntax
artefacts???,artefacts?,True,auto-syntax
artefatcs ?,artefatcs?,True,auto-syntax
artéfact ECG?,artéfact ecg?,True,auto-syntax
artéfact mvt,artéfact mvt,False,unchanged
arythmie,arythmie,False,unchanged
aréactif,aréactif,False,unchanged
assis dans le lit: hallu vis?,assis dans le lit: hallu vis?,False,unchanged
assis dans le lit: hallu vis???,assis dans le lit: hallu vis?,True,auto-syntax
assis dans le lit: lors de l'hallucin??,assis dans le lit: lors de l'hallucin?,True,auto-syntax
asystolie,asystolie,False,unchanged
atonie retombe en arrière,atonie retombe en arrière,False,unchanged
attitude prostrée,attitude prostrée,False,unchanged
attrape la sonnette,attrape la sonnette,False,unchanged
au niveau du maeur de la main gche,au niveau du maeur de la main gche,False,unchanged
au telephone,au telephone,False,unchanged
au télephone,au télephone,False,unchanged
au téléphone,au téléphone,False,unchanged
au téléphone?,au téléphone?,False,unchanged
auditives,auditives,False,unchanged
aura,aura,False,unchanged
autoamtismes,autoamtismes,False,unchanged
automastisme gestuels,automastisme gestuels,False,unchanged
automatisme MSG,automatisme msg,True,auto-syntax
automatisme gestuel,automatisme gestuel,False,unchanged
automatisme gestuel ms droit,automatisme gestuel ms droit,False,unchanged
automatismes,automatismes,False,unchanged
automatismes MSG,automatismes msg,True,auto-syntax
"automatismes MSG, moue","automatismes msg, moue",True,auto-syntax
"automatismes des 2, mains","automatismes des 2, mains",False,unchanged
automatismes des MS,automatismes des ms,True,auto-syntax
automatismes gestuels,automatismes gestuels,False,unchanged
automatismes gestuels MS,automatismes gestuels ms,True,auto-syntax
automatismes main gauche,automatismes main gauche,False,unchanged
automatismes oraux,automatismes oraux,False,unchanged
"avatn, avec infi, sensation de partir","avatn, avec infi, sensation de partir",False,unchanged
"avec plusieurs choix, il dit qu'il est","avec plusieurs choix, il dit qu'il est",False,unchanged
aà voir note qu'elle a fait une crise,aà voir note qu'elle a fait une crise,False,unchanged
b,b,False,unchanged
bafouille,bafouille,False,unchanged
bafouille ficulté à lire,bafouille ficulté à lire,False,unchanged
baille,baille,False,unchanged
baille e IC D jambes,baille e ic d jambes,True,auto-syntax
baille et s etourne,baille et s etourne,False,unchanged
baille nt des MI,baille nt des mi,True,auto-syntax
baille sec,baille sec,False,unchanged
baille sec al g,baille sec al g,False,unchanged
baille sec mal g,baille sec mal g,False,unchanged
baille sec sec g,baille sec sec g,False,unchanged
baimme,baimme,False,unchanged
baiulle,baiulle,False,unchanged
bascule la tete en arriére,bascule la tete en arriére,False,unchanged
beaucoup moins de sensations,beaucoup moins de sensations,False,unchanged
beaucoup plus lent à droite,beaucoup plus lent à droite,False,unchanged
bien,bien,False,unchanged
bien présent à G aussi!,bien présent à g aussi!,True,auto-syntax
bilat,bilat,False,unchanged
bille,bille,False,unchanged
biuffée de pointes,biuffée de pointes,False,unchanged
bloque sur date et jour,bloque sur date et jour,False,unchanged
boffée de pointes ondes,boffée de pointes ondes,False,unchanged
boit,boit,False,unchanged
boitier désactivé,boitier désactivé,False,unchanged
boitier sonne,boitier sonne,False,unchanged
boiuffée de pointes,boiuffée de pointes,False,unchanged
bonne orientation,bonne orientation,False,unchanged
bouff&e de pointes,bouffe de pointes,True,auto-syntax
bouffee,bouffee,False,unchanged
bouffee chaleur,bouffee chaleur,False,unchanged
bouffee ras cliniquement,bouffee ras cliniquement,False,unchanged
bouffee sec,bouffee sec,False,unchanged
bouffees,bouffees,False,unchanged
bouffé de PO,bouffé de po,True,auto-syntax
bouffée,bouffée,False,unchanged
bouffée 60 sec,bouffée 60 sec,False,unchanged
bouffée aiguë,bouffée aiguë,False,unchanged
bouffée atient 1,bouffée atient 1,False,unchanged
"bouffée de po, révulsion oc","bouffée de po, révulsion oc",False,unchanged
bouffée de pointe-ondes,bouffée de pointe ondes,True,auto-syntax
bouffée de pointes,bouffée de pointes,False,unchanged
bouffée de pointes*,bouffée de pointes,True,auto-syntax
bouffée de ppointes,bouffée de ppointes,False,unchanged
bouffée de ptes,bouffée de ptes,False,unchanged
bouffée diffuse,bouffée diffuse,False,unchanged
bouffée e le nez,bouffée e le nez,False,unchanged
bouffée lente T G,bouffée lente t g,True,auto-syntax
bouffée lente temporale gauche,bouffée lente temporale gauche,False,unchanged
bouffée ondes lentes,bouffée ondes lentes,False,unchanged
bouffée ondes lentes diffuses,bouffée ondes lentes diffuses,False,unchanged
bouffée pendant le sommeil,bouffée pendant le sommeil,False,unchanged
bouffée plus longue,bouffée plus longue,False,unchanged
bouffée plus longue.,bouffée plus longue.,False,unchanged
bouffée plus précoce en frontal G?,bouffée plus précoce en frontal g?,True,auto-syntax
bouffée rythmique frontale G,bouffée rythmique frontale g,True,auto-syntax
"bouffée, RAS cliniquement","bouffée, ras cliniquement",True,auto-syntax
bouffée?,bouffée?,False,unchanged
bouffées,bouffées,False,unchanged
bouffées de pointes,bouffées de pointes,False,unchanged
bouffées de ponites,bouffées de ponites,False,unchanged
bouffées de popintes,bouffées de popintes,False,unchanged
bouffées lentes rythmiques frontales bi,bouffées lentes rythmiques frontales bi,False,unchanged
bouffées ondes lentes,bouffées ondes lentes,False,unchanged
bouffées rythmiques thêta,bouffées rythmiques thêta,False,unchanged
boufée de pointes,boufée de pointes,False,unchanged
boug,boug,False,unchanged
boug le corps,boug le corps,False,unchanged
bouge,bouge,False,unchanged
bouge 0 sec,bouge 0 sec,False,unchanged
bouge MSD,bouge msd,True,auto-syntax
bouge N,bouge n,True,auto-syntax
bouge PN 40 sec,bouge pn 40 sec,True,auto-syntax
bouge couverture,bouge couverture,False,unchanged
bouge dans le lit,bouge dans le lit,False,unchanged
bouge decharge?,bouge decharge?,False,unchanged
bouge en dormant,bouge en dormant,False,unchanged
bouge et baille,bouge et baille,False,unchanged
bouge et parle,bouge et parle,False,unchanged
bouge et tend MI,bouge et tend mi,True,auto-syntax
bouge fils,bouge fils,False,unchanged
bouge grimace,bouge grimace,False,unchanged
bouge ici,bouge ici,False,unchanged
bouge ie,bouge ie,False,unchanged
bouge jambe g,bouge jambe g,False,unchanged
bouge jambes,bouge jambes,False,unchanged
bouge la main,bouge la main,False,unchanged
bouge la main droite,bouge la main droite,False,unchanged
bouge la t^te,bouge la tte,True,auto-syntax
bouge la table,bouge la table,False,unchanged
bouge la tete,bouge la tete,False,unchanged
bouge la tête,bouge la tête,False,unchanged
bouge le bras droit,bouge le bras droit,False,unchanged
bouge les doigts,bouge les doigts,False,unchanged
bouge les jambes ratoires,bouge les jambes ratoires,False,unchanged
bouge les pieds,bouge les pieds,False,unchanged
bouge main G,bouge main g,True,auto-syntax
bouge main droite,bouge main droite,False,unchanged
bouge main et jambe G,bouge main et jambe g,True,auto-syntax
bouge micro réveil,bouge micro réveil,False,unchanged
bouge ne,bouge ne,False,unchanged
bouge nie MSD 1,bouge nie msd 1,True,auto-syntax
bouge parle,bouge parle,False,unchanged
bouge patient 1,bouge patient 1,False,unchanged
bouge patient 3,bouge patient 3,False,unchanged
bouge pied gch,bouge pied gch,False,unchanged
bouge prend ses médicaments,bouge prend ses médicaments,False,unchanged
bouge ras,bouge ras,False,unchanged
bouge reveil,bouge reveil,False,unchanged
bouge réveil,bouge réveil,False,unchanged
bouge s,bouge s,False,unchanged
bouge s atient 2,bouge s atient 2,False,unchanged
bouge s'éveille,bouge s'éveille,False,unchanged
bouge son piedd,bouge son piedd,False,unchanged
bouge sous couverture et fait bruit,bouge sous couverture et fait bruit,False,unchanged
bouge sous la couverture,bouge sous la couverture,False,unchanged
bouge tte l'hémiface G,bouge tte l'hémiface g,True,auto-syntax
bouge tête droite à gauche,bouge tête droite à gauche,False,unchanged
bouge un peu,bouge un peu,False,unchanged
bouge un peu la main droite,bouge un peu la main droite,False,unchanged
bouge/baille,bouge/baille,False,unchanged
bourdonnemnt oreilles x2 comme début cr,bourdonnemnt oreilles x2 comme début cr,False,unchanged
brossage,brossage,False,unchanged
brossage de dent,brossage de dent,False,unchanged
brossage de dents,brossage de dents,False,unchanged
bruit,bruit,False,unchanged
bruit de bouche,bruit de bouche,False,unchanged
bruit de gorge,bruit de gorge,False,unchanged
"bruit de gorge, mvt Main D et pieg G","bruit de gorge, mvt main d et pieg g",True,auto-syntax
bruit des travaux,bruit des travaux,False,unchanged
bruit=>spasme,bruit=>spasme,False,unchanged
c,c,False,unchanged
c3 verifiée,c3 verifiée,False,unchanged
c4 pz,c4 pz,False,unchanged
c4/cz,c4/cz,False,unchanged
ca diminue,ca diminue,False,unchanged
ca fait 2min que intensité chaleur varie,ca fait 2min que intensité chaleur varie,False,unchanged
calme voir pe mvt tête,calme voir pe mvt tête,False,unchanged
car coportment bizarr avec tremblements,car coportment bizarr avec tremblements,False,unchanged
cardio verrif,cardio verrif,False,unchanged
cardio?,cardio?,False,unchanged
cardios verrifiés,cardios verrifiés,False,unchanged
cauchemard,cauchemard,False,unchanged
centrale,centrale,False,unchanged
centro parietal,centro parietal,False,unchanged
centro pariétal D,centro pariétal d,True,auto-syntax
centro-parietal,centro parietal,True,auto-syntax
centropariétal,centropariétal,False,unchanged
cephalees,cephalees,False,unchanged
cephalées frontales,cephalées frontales,False,unchanged
cephalées niveau front,cephalées niveau front,False,unchanged
cette sensation de tremblement ne l'a,cette sensation de tremblement ne l'a,False,unchanged
chaleur céphalique stable mais à 10%,chaleur céphalique stable mais à 10%,False,unchanged
chaleur dans tout le corps,chaleur dans tout le corps,False,unchanged
chaleur monte en intensité r,chaleur monte en intensité r,False,unchanged
chaleur revient,chaleur revient,False,unchanged
champ visuel nl,champ visuel nl,False,unchanged
champ visuel nle,champ visuel nle,False,unchanged
champs visuel testé,champs visuel testé,False,unchanged
changement de temperature,changement de temperature,False,unchanged
chaud,chaud,False,unchanged
cherche la sonnette pour appeler,cherche la sonnette pour appeler,False,unchanged
cherche ses mots,cherche ses mots,False,unchanged
cherge la sonnette,cherge la sonnette,False,unchanged
chut de la tête vers la gauche,chut de la tête vers la gauche,False,unchanged
chute MIG,chute mig,True,auto-syntax
chute de la tete,chute de la tete,False,unchanged
chute de la tête,chute de la tête,False,unchanged
chute tete +crispation,chute tete +crispation,False,unchanged
ci,ci,False,unchanged
cise IC,cise ic,True,auto-syntax
claquement de doigt près des oreilles,claquement de doigt près des oreilles,False,unchanged
cligne,cligne,False,unchanged
cligne des yeux,cligne des yeux,False,unchanged
cligne des yeux sinon RAS clinique,cligne des yeux sinon ras clinique,True,auto-syntax
cligne des yeux sinon rien d'évident,cligne des yeux sinon rien d'évident,False,unchanged
clignement oculaires,clignement oculaires,False,unchanged
clinique,clinique,False,unchanged
clonie,clonie,False,unchanged
clonie ?,clonie?,True,auto-syntax
clonie MSD,clonie msd,True,auto-syntax
clonie MSG,clonie msg,True,auto-syntax
clonie MSG?,clonie msg?,True,auto-syntax
clonie bras g,clonie bras g,False,unchanged
clonie bras gauche,clonie bras gauche,False,unchanged
clonie mb inf droit,clonie mb inf droit,False,unchanged
clonie msd,clonie msd,False,unchanged
clonie palpébrales OG,clonie palpébrales og,True,auto-syntax
clonie yx,clonie yx,False,unchanged
clonie épaules,clonie épaules,False,unchanged
clonies,clonies,False,unchanged
clonies MIG?,clonies mig?,True,auto-syntax
clonies MS,clonies ms,True,auto-syntax
clonies MSD,clonies msd,True,auto-syntax
clonies MSG,clonies msg,True,auto-syntax
clonies MSG se?,clonies msg se?,True,auto-syntax
clonies comissure labiale gauche,clonies comissure labiale gauche,False,unchanged
clonies commissure labiale G,clonies commissure labiale g,True,auto-syntax
clonies de la lèvre droite,clonies de la lèvre droite,False,unchanged
clonies de la mâchoire,clonies de la mâchoire,False,unchanged
clonies de la paupière gauche,clonies de la paupière gauche,False,unchanged
clonies des paupieres,clonies des paupieres,False,unchanged
clonies des paupières,clonies des paupières,False,unchanged
clonies palbebrales,clonies palbebrales,False,unchanged
clonies palpebrales,clonies palpebrales,False,unchanged
clonies palpébrales,clonies palpébrales,False,unchanged
clonies palpébrales =,clonies palpébrales =,False,unchanged
clonies péribuccales D,clonies péribuccales d,True,auto-syntax
clonies rapides main droite tombante,clonies rapides main droite tombante,False,unchanged
cloniex yx,cloniex yx,False,unchanged
cmyolonies,cmyolonies,False,unchanged
cnep,cnep,False,unchanged
cnep ?,cnep?,True,auto-syntax
cnep?,cnep?,False,unchanged
coeur qui bat vite,coeur qui bat vite,False,unchanged
comme si quelque chose entrée en elle,comme si quelque chose entrée en elle,False,unchanged
comme un coup d'electricite,comme un coup d'electricite,False,unchanged
comme un coup d'electricité,comme un coup d'electricité,False,unchanged
comme un début de crise,comme un début de crise,False,unchanged
comme un spasme,comme un spasme,False,unchanged
comme un sursaut ms dt,comme un sursaut ms dt,False,unchanged
comme une boule de stress,comme une boule de stress,False,unchanged
comme une descente,comme une descente,False,unchanged
comme une petite decharge,comme une petite decharge,False,unchanged
comme vibration continu qui traverse,comme vibration continu qui traverse,False,unchanged
commence à bouger la main droite,commence à bouger la main droite,False,unchanged
complexe K,complexe k,True,auto-syntax
complexe K + fuseau,complexe k + fuseau,True,auto-syntax
complexe K ?,complexe k?,True,auto-syntax
complexe K et fuseau,complexe k et fuseau,True,auto-syntax
complexe K s,complexe k s,True,auto-syntax
complexe K te?,complexe k te?,True,auto-syntax
"complexe K, fuseau","complexe k, fuseau",True,auto-syntax
complexe K?,complexe k?,True,auto-syntax
complexe k ?,complexe k?,True,auto-syntax
complexeK?,complexek?,True,auto-syntax
complexes K,complexes k,True,auto-syntax
complexes K + fuseau,complexes k + fuseau,True,auto-syntax
complexes périodiques,complexes périodiques,False,unchanged
compte ras,compte ras,False,unchanged
confirme que cet épisode ressemble aux,confirme que cet épisode ressemble aux,False,unchanged
confuse touche aux fils electrodes,confuse touche aux fils electrodes,False,unchanged
contact,contact,False,unchanged
contact oculaire,contact oculaire,False,unchanged
contaction des 2 mains,contaction des 2 mains,False,unchanged
continue à mâchonner,continue à mâchonner,False,unchanged
continue à parler,continue à parler,False,unchanged
continue à parler RAS,continue à parler ras,True,auto-syntax
contraction,contraction,False,unchanged
contraction epaule g,contraction epaule g,False,unchanged
contraction joue à gauche,contraction joue à gauche,False,unchanged
contraction tonique distale MSD,contraction tonique distale msd,True,auto-syntax
contraction type électricité,contraction type électricité,False,unchanged
contractions dans les mains tj présentes,contractions dans les mains tj présentes,False,unchanged
corps et esprit,corps et esprit,False,unchanged
corring epour Sainte Anne,corring epour sainte anne,True,auto-syntax
couleur ok,couleur ok,False,unchanged
coup d'electricite dans le genou gch,coup d'electricite dans le genou gch,False,unchanged
courte décharge infraclinique D,courte décharge infraclinique d,True,auto-syntax
cpuché sur la droite,cpuché sur la droite,False,unchanged
crache,crache,False,unchanged
crie,crie,False,unchanged
crise,crise,False,unchanged
crise (bloquage),crise (bloquage),False,unchanged
crise 0 sec,crise 0 sec,False,unchanged
crise 0 sec AIN DOITE,crise 0 sec ain doite,True,auto-syntax
crise 1,crise 1,False,unchanged
crise 1 ajoutée,crise 1 ajoutée,False,unchanged
crise 10,crise 10,False,unchanged
crise 10?,crise 10?,False,unchanged
crise 11,crise 11,False,unchanged
crise 12,crise 12,False,unchanged
crise 13,crise 13,False,unchanged
crise 14,crise 14,False,unchanged
crise 15,crise 15,False,unchanged
crise 16,crise 16,False,unchanged
crise 17,crise 17,False,unchanged
crise 18,crise 18,False,unchanged
crise 19,crise 19,False,unchanged
crise 2,crise 2,False,unchanged
crise 2 le lit : automatisme?,crise 2 le lit: automatisme?,True,auto-syntax
crise 20,crise 20,False,unchanged
crise 21,crise 21,False,unchanged
crise 24,crise 24,False,unchanged
crise 25,crise 25,False,unchanged
crise 27,crise 27,False,unchanged
crise 29,crise 29,False,unchanged
crise 3,crise 3,False,unchanged
crise 3 ise,crise 3 ise,False,unchanged
crise 4,crise 4,False,unchanged
crise 4 DR ICI clinique crise 4,crise 4 dr ici clinique crise 4,True,auto-syntax
crise 4 sommeil,crise 4 sommeil,False,unchanged
crise 42,crise 42,False,unchanged
crise 5,crise 5,False,unchanged
crise 6,crise 6,False,unchanged
crise 62,crise 62,False,unchanged
crise 63,crise 63,False,unchanged
crise 7,crise 7,False,unchanged
crise 8,crise 8,False,unchanged
crise 8 t MS,crise 8 t ms,True,auto-syntax
crise 9,crise 9,False,unchanged
crise 9?,crise 9?,False,unchanged
crise ?,crise?,True,auto-syntax
crise ? 23 mvt du tronc,crise? 23 mvt du tronc,True,auto-syntax
crise A VOIR,crise a voir,True,auto-syntax
crise A VOIR +++,crise a voir +,True,auto-syntax
crise A voir,crise a voir,True,auto-syntax
crise C,crise c,True,auto-syntax
crise D,crise d,True,auto-syntax
crise G,crise g,True,auto-syntax
crise IC,crise ic,True,auto-syntax
crise IC bilatérales,crise ic bilatérales,True,auto-syntax
crise IC droite,crise ic droite,True,auto-syntax
crise IC drote,crise ic drote,True,auto-syntax
crise IC quement,crise ic quement,True,auto-syntax
crise N,crise n,True,auto-syntax
crise TYPE blocage avec hallu. AUDITIVE,crise type blocage avec hallu. auditive,True,auto-syntax
crise aux toilettes,crise aux toilettes,False,unchanged
crise d,crise d,False,unchanged
crise de buccolam,crise de buccolam,False,unchanged
crise de crise,crise de crise,False,unchanged
crise de crise ? ete,crise de crise? ete,True,auto-syntax
crise droite,crise droite,False,unchanged
crise droite ent,crise droite ent,False,unchanged
crise e de pointes,crise e de pointes,False,unchanged
crise ent du buste,crise ent du buste,False,unchanged
crise fruste?,crise fruste?,False,unchanged
crise ge,crise ge,False,unchanged
crise ge de bouche,crise ge de bouche,False,unchanged
crise infra,crise infra,False,unchanged
crise infraclinique,crise infraclinique,False,unchanged
crise infraclinique?,crise infraclinique?,False,unchanged
crise iniquement,crise iniquement,False,unchanged
crise les jambes,crise les jambes,False,unchanged
crise nie,crise nie,False,unchanged
crise nie MSD,crise nie msd,True,auto-syntax
crise nie tête,crise nie tête,False,unchanged
crise ns les yeux,crise ns les yeux,False,unchanged
crise n° 5,crise n° 5,False,unchanged
crise n°1,crise n°1,False,unchanged
crise n°2,crise n°2,False,unchanged
crise n°6,crise n°6,False,unchanged
crise n°7,crise n°7,False,unchanged
crise n°8,crise n°8,False,unchanged
crise n°9,crise n°9,False,unchanged
crise probable,crise probable,False,unchanged
crise s,crise s,False,unchanged
crise se MIG,crise se mig,True,auto-syntax
crise tonique posturale,crise tonique posturale,False,unchanged
crise tonique?,crise tonique?,False,unchanged
crise tte,crise tte,False,unchanged
crise type blocage,crise type blocage,False,unchanged
crise éance de sport,crise éance de sport,False,unchanged
crise/CNEP,crise/cnep,True,auto-syntax
crise22,crise22,False,unchanged
crise24,crise24,False,unchanged
crise28,crise28,False,unchanged
crise31,crise31,False,unchanged
crise32,crise32,False,unchanged
crise33,crise33,False,unchanged
crise34,crise34,False,unchanged
crise35,crise35,False,unchanged
crise36,crise36,False,unchanged
crise37,crise37,False,unchanged
crise38,crise38,False,unchanged
crise39,crise39,False,unchanged
crise40,crise40,False,unchanged
crise53,crise53,False,unchanged
crise54,crise54,False,unchanged
crise55,crise55,False,unchanged
crise56,crise56,False,unchanged
crise57,crise57,False,unchanged
crise8,crise8,False,unchanged
crise?,crise?,False,unchanged
crise? micro réveil?,crise? micro réveil?,False,unchanged
criser 12,criser 12,False,unchanged
crisette,crisette,False,unchanged
crisette infraC,crisette infrac,True,auto-syntax
crisette rictus,crisette rictus,False,unchanged
crispation des mains,crispation des mains,False,unchanged
crispation droitr,crispation droitr,False,unchanged
crispation du ventre,crispation du ventre,False,unchanged
crispation qui est descendu ds les bras,crispation qui est descendu ds les bras,False,unchanged
crsie,crsie,False,unchanged
crée volontairement des artefacts,crée volontairement des artefacts,False,unchanged
cépahlée,cépahlée,False,unchanged
céphalé,céphalé,False,unchanged
céphalées ++,céphalées +,True,auto-syntax
céphalées tempes D+G + tout l'arrière,céphalées tempes d+g + tout l'arrière,True,auto-syntax
d,d,False,unchanged
d es,d es,False,unchanged
d es es,d es es,False,unchanged
d r,d r,False,unchanged
d'ondes Thêta rythmiques,d'ondes thêta rythmiques,True,auto-syntax
d2BUT TACHYCARDIE,d2but tachycardie,True,auto-syntax
dans la salle de bain,dans la salle de bain,False,unchanged
dans la tete pdt la miction,dans la tete pdt la miction,False,unchanged
dans la tete à gauche,dans la tete à gauche,False,unchanged
dans le haut de la tete,dans le haut de la tete,False,unchanged
dans salle de douche,dans salle de douche,False,unchanged
date de naissance ok,date de naissance ok,False,unchanged
de bain,de bain,False,unchanged
de dos tjs et quasi hors champ,de dos tjs et quasi hors champ,False,unchanged
"de dos, manipule ..","de dos, manipule.",True,auto-syntax
"de dos, manipule ...","de dos, manipule.",True,auto-syntax
"de dos, manipule toujours ..","de dos, manipule toujours.",True,auto-syntax
de gratte,de gratte,False,unchanged
de moins en moins fort,de moins en moins fort,False,unchanged
de palpitations,de palpitations,False,unchanged
deb,deb,False,unchanged
debbut,debbut,False,unchanged
debout,debout,False,unchanged
debout se gratte,debout se gratte,False,unchanged
debut,debut,False,unchanged
debut clinique,debut clinique,False,unchanged
debut de crise,debut de crise,False,unchanged
debut de crise avec rictus?,debut de crise avec rictus?,False,unchanged
debut de crise>?,debut de crise>?,False,unchanged
debut de crise?,debut de crise?,False,unchanged
debut de déviation tête à G,debut de déviation tête à g,True,auto-syntax
debut de reveil,debut de reveil,False,unchanged
debut des signes cliniques,debut des signes cliniques,False,unchanged
debut hpn,debut hpn,False,unchanged
debut nuit,debut nuit,False,unchanged
debut sli 1,debut sli 1,False,unchanged
decharge,decharge,False,unchanged
decharge ?,decharge?,True,auto-syntax
decharge F gauche,decharge f gauche,True,auto-syntax
decharge asymptomatique,decharge asymptomatique,False,unchanged
decharge depointes,decharge depointes,False,unchanged
decharge droite,decharge droite,False,unchanged
decharge eveil?,decharge eveil?,False,unchanged
decharge gauche,decharge gauche,False,unchanged
decharge gauche infra clinique,decharge gauche infra clinique,False,unchanged
decharge infra,decharge infra,False,unchanged
decharge rapide?,decharge rapide?,False,unchanged
decharge rythmique,decharge rythmique,False,unchanged
decharge rythmique gauche,decharge rythmique gauche,False,unchanged
decharge;,decharge;,False,unchanged
decharge?,decharge?,False,unchanged
decharge? s'étire,decharge? s'étire,False,unchanged
decharges gauche,decharges gauche,False,unchanged
deglutit,deglutit,False,unchanged
deglutit ec,deglutit ec,False,unchanged
dejeune,dejeune,False,unchanged
dejeune s ts main g,dejeune s ts main g,False,unchanged
demande de retenir mot,demande de retenir mot,False,unchanged
demande son nom /repond oui,demande son nom /repond oui,False,unchanged
denomme,denomme,False,unchanged
denomme et compte mais fourmis ds mains,denomme et compte mais fourmis ds mains,False,unchanged
denomme le stylo,denomme le stylo,False,unchanged
denomme le télephone,denomme le télephone,False,unchanged
denomme objet,denomme objet,False,unchanged
denomme ok,denomme ok,False,unchanged
"denomme, couleurok","denomme, couleurok",False,unchanged
desat,desat,False,unchanged
description sensation pdt hpn,description sensation pdt hpn,False,unchanged
deserre les poings,deserre les poings,False,unchanged
desire faire un somme,desire faire un somme,False,unchanged
desorientée,desorientée,False,unchanged
desserre les poings,desserre les poings,False,unchanged
deviation tête et yeux à Gauche,deviation tête et yeux à gauche,True,auto-syntax
"di' ""c'est passé"" à l'IDE","di' ""c'est passé"" à l'ide",True,auto-syntax
difficile de pursuivre l'hpn,difficile de pursuivre l'hpn,False,unchanged
difficulte a rouver ses mots,difficulte a rouver ses mots,False,unchanged
difficulte a trouver ses mots,difficulte a trouver ses mots,False,unchanged
difficulté à parler,difficulté à parler,False,unchanged
difficulté à trouver ses mots,difficulté à trouver ses mots,False,unchanged
difficultés respiratoires abdo,difficultés respiratoires abdo,False,unchanged
difficultés à parler,difficultés à parler,False,unchanged
diffusion PO à droite,diffusion po à droite,True,auto-syntax
diffusion des PO à la région temp D,diffusion des po à la région temp d,True,auto-syntax
diffusion sur T4 et T6 et T3,diffusion sur t4 et t6 et t3,True,auto-syntax
différence de sensation main dte et gch,différence de sensation main dte et gch,False,unchanged
dificulté à s'expreimer,dificulté à s'expreimer,False,unchanged
diminution des nausées,diminution des nausées,False,unchanged
diminution du pouls,diminution du pouls,False,unchanged
dis resentir des tremblements/yeux,dis resentir des tremblements/yeux,False,unchanged
disparait plus facilement la sensation,disparait plus facilement la sensation,False,unchanged
disparition des scintillements,disparition des scintillements,False,unchanged
disparition rythme fond P4O2,disparition rythme fond p4o2,True,auto-syntax
dispartion des fourmillements,dispartion des fourmillements,False,unchanged
"dit ""oh la la""","dit ""oh la la""",False,unchanged
"dit ""voilà voilà""","dit ""voilà voilà""",False,unchanged
"dit ""voilà voilà"" ar est en crise","dit ""voilà voilà"" ar est en crise",False,unchanged
"dit ""voilà voilà""""","dit ""voilà voilà""""",False,unchanged
"dit ""voilà""","dit ""voilà""",False,unchanged
"dit ""voilà"" ler ,réfléchir","dit ""voilà"" ler,réfléchir",True,auto-syntax
dit au revoir,dit au revoir,False,unchanged
dit avoir chaud et froid,dit avoir chaud et froid,False,unchanged
dit avoir eu la tête qui tourne,dit avoir eu la tête qui tourne,False,unchanged
dit avoir eu sursaut épaule,dit avoir eu sursaut épaule,False,unchanged
dit avoir fait une crise,dit avoir fait une crise,False,unchanged
dit avoir la tête qui tourne,dit avoir la tête qui tourne,False,unchanged
dit avoir leger spasme joue gche,dit avoir leger spasme joue gche,False,unchanged
dit avoir les mains moites,dit avoir les mains moites,False,unchanged
dit avoir les yeux qui vrillent,dit avoir les yeux qui vrillent,False,unchanged
dit avoir main moites,dit avoir main moites,False,unchanged
dit avoir vu des flashs violets,dit avoir vu des flashs violets,False,unchanged
dit des mots incompréhensibles,dit des mots incompréhensibles,False,unchanged
dit etre à londres,dit etre à londres,False,unchanged
dit livre scolaire (mais a eu indice),dit livre scolaire (mais a eu indice),False,unchanged
dit ne pas avoir de douleur,dit ne pas avoir de douleur,False,unchanged
dit ne pas se sentir bien à son ami,dit ne pas se sentir bien à son ami,False,unchanged
dit ne rien ressentir,dit ne rien ressentir,False,unchanged
dit ne rien sentir de particulier,dit ne rien sentir de particulier,False,unchanged
dit ne se sentir bien,dit ne se sentir bien,False,unchanged
"dit peut parler ,réfléchir","dit peut parler,réfléchir",True,auto-syntax
dit porte clé,dit porte clé,False,unchanged
dit qu'elle a besoin appeler,dit qu'elle a besoin appeler,False,unchanged
dit qu'elle fait une crise,dit qu'elle fait une crise,False,unchanged
"dit qu'elle n'arrivait plus à parler, n","dit qu'elle n'arrivait plus à parler, n",False,unchanged
dit qu'elle sait où elle est,dit qu'elle sait où elle est,False,unchanged
dit qu'elle tremble,dit qu'elle tremble,False,unchanged
dit qu'elle va vomir,dit qu'elle va vomir,False,unchanged
dit qu'en bougeant la jbe la sensation,dit qu'en bougeant la jbe la sensation,False,unchanged
"dit qu'il a de ""l'eau dans le ventre""","dit qu'il a de ""l'eau dans le ventre""",False,unchanged
dit qu'il ne se sent pas bien à sa mére,dit qu'il ne se sent pas bien à sa mére,False,unchanged
dit qu'il va bien,dit qu'il va bien,False,unchanged
dit qu'on est entre l'été et l'hiver,dit qu'on est entre l'été et l'hiver,False,unchanged
"dit que ""ça va""","dit que ""ça va""",False,unchanged
dit que a chaud au crâne depuis dernier,dit que a chaud au crâne depuis dernier,False,unchanged
dit que ca va,dit que ca va,False,unchanged
dit que ca va mieux,dit que ca va mieux,False,unchanged
dit que ce n'est pas une crise,dit que ce n'est pas une crise,False,unchanged
dit que crane genant et gratte,dit que crane genant et gratte,False,unchanged
dit que la sensation de palpitation,dit que la sensation de palpitation,False,unchanged
dit que la sensation disparait,dit que la sensation disparait,False,unchanged
dit que la sensation est moins intense,dit que la sensation est moins intense,False,unchanged
dit ressenti sensation pdt HPN,dit ressenti sensation pdt hpn,True,auto-syntax
dit retrouvé son état normal,dit retrouvé son état normal,False,unchanged
"dit rythme cardiaque pas normal,tachycar","dit rythme cardiaque pas normal,tachycar",False,unchanged
dit se sentie different,dit se sentie different,False,unchanged
dit se sentir moins bien que lundi,dit se sentir moins bien que lundi,False,unchanged
"dit voilà voilà ""","dit voilà voilà """,False,unchanged
dit voià,dit voià,False,unchanged
"dit"" voilà voilà""","dit"" voilà voilà""",False,unchanged
dleur a dte,dleur a dte,False,unchanged
dlr pied gche,dlr pied gche,False,unchanged
doit sortir de la SdB,doit sortir de la sdb,True,auto-syntax
donne son nom +,donne son nom +,False,unchanged
donne son prénom,donne son prénom,False,unchanged
donne son âge,donne son âge,False,unchanged
dors,dors,False,unchanged
dors toujours,dors toujours,False,unchanged
dort,dort,False,unchanged
dort 40 sec,dort 40 sec,False,unchanged
dort E,dort e,True,auto-syntax
dort e,dort e,False,unchanged
dort missement,dort missement,False,unchanged
dort sur le coté g,dort sur le coté g,False,unchanged
douleur a dte,douleur a dte,False,unchanged
douleur arriere droit cervicale,douleur arriere droit cervicale,False,unchanged
douleur arriere droite,douleur arriere droite,False,unchanged
douleur derrier etete,douleur derrier etete,False,unchanged
douleur tete roite,douleur tete roite,False,unchanged
douleur thoracique signalée,douleur thoracique signalée,False,unchanged
douleur tmeporal droite,douleur tmeporal droite,False,unchanged
douleur à l'estomac,douleur à l'estomac,False,unchanged
doute applitissement,doute applitissement,False,unchanged
doute sur clonies palpébrales,doute sur clonies palpébrales,False,unchanged
droite,droite,False,unchanged
drole de sensation,drole de sensation,False,unchanged
du côté droit,du côté droit,False,unchanged
duckface,duckface,False,unchanged
dystonie MSD,dystonie msd,True,auto-syntax
dystonie MSD ale tête à G,dystonie msd ale tête à g,True,auto-syntax
dystonie de la main droite,dystonie de la main droite,False,unchanged
dystonie du MSD,dystonie du msd,True,auto-syntax
dystonire MSD,dystonire msd,True,auto-syntax
début,début,False,unchanged
début ??,début?,True,auto-syntax
début HPN,début hpn,True,auto-syntax
début contraction memb sup,début contraction memb sup,False,unchanged
début crise,début crise,False,unchanged
début crise (automatismes oroalim,début crise (automatismes oroalim,False,unchanged
début crise?,début crise?,False,unchanged
début de crise,début de crise,False,unchanged
début de crise ?,début de crise?,True,auto-syntax
début de crise bras,début de crise bras,False,unchanged
début de crise?,début de crise?,False,unchanged
début déviation de la tête,début déviation de la tête,False,unchanged
début injection rivotril,début injection rivotril,False,unchanged
début mouvement,début mouvement,False,unchanged
début mozart,début mozart,False,unchanged
début rock,début rock,False,unchanged
début sensation,début sensation,False,unchanged
début sensation ?,début sensation?,True,auto-syntax
début tachycardie,début tachycardie,False,unchanged
début techno,début techno,False,unchanged
début test NPA,début test npa,True,auto-syntax
début tremblements,début tremblements,False,unchanged
début électrique,début électrique,False,unchanged
début électrique?,début électrique?,False,unchanged
débute à G,débute à g,True,auto-syntax
décahrge de PO,décahrge de po,True,auto-syntax
décahrge infraclinique ?,décahrge infraclinique?,True,auto-syntax
décahrge rapide,décahrge rapide,False,unchanged
décgarge rapide,décgarge rapide,False,unchanged
déchage d'OL rythmmiques. CI?,déchage d'ol rythmmiques. ci?,True,auto-syntax
décharge,décharge,False,unchanged
décharge ?,décharge?,True,auto-syntax
décharge Gauche rales,décharge gauche rales,True,auto-syntax
décharge IC,décharge ic,True,auto-syntax
décharge IC D jambes,décharge ic d jambes,True,auto-syntax
décharge PPO,décharge ppo,True,auto-syntax
décharge R?,décharge r?,True,auto-syntax
décharge courte,décharge courte,False,unchanged
décharge d epointes rythmiques,décharge d epointes rythmiques,False,unchanged
décharge d'OL,décharge d'ol,True,auto-syntax
décharge d'OL rythmiques,décharge d'ol rythmiques,True,auto-syntax
décharge d'ondes lentes frontales,décharge d'ondes lentes frontales,False,unchanged
décharge de bouche,décharge de bouche,False,unchanged
décharge de pointes rythmiques,décharge de pointes rythmiques,False,unchanged
décharge de ptes rythm D,décharge de ptes rythm d,True,auto-syntax
décharge dt,décharge dt,False,unchanged
décharge ec,décharge ec,False,unchanged
décharge eil crise?,décharge eil crise?,False,unchanged
décharge fragmentée,décharge fragmentée,False,unchanged
décharge frontale bilat,décharge frontale bilat,False,unchanged
décharge fronto temp,décharge fronto temp,False,unchanged
décharge infra,décharge infra,False,unchanged
décharge infra clinique,décharge infra clinique,False,unchanged
décharge infra-clinique,décharge infra clinique,True,auto-syntax
décharge infraclinique,décharge infraclinique,False,unchanged
décharge infraclinique 7?,décharge infraclinique 7?,False,unchanged
décharge infraclinique ?,décharge infraclinique?,True,auto-syntax
décharge infraclinique D,décharge infraclinique d,True,auto-syntax
décharge infraclinique/apnée,décharge infraclinique/apnée,False,unchanged
décharge lente,décharge lente,False,unchanged
décharge ou amorce de crise,décharge ou amorce de crise,False,unchanged
décharge quement,décharge quement,False,unchanged
décharge rapide,décharge rapide,False,unchanged
décharge rapide bi post,décharge rapide bi post,False,unchanged
décharge rapide- aplatissement-p rythmiq,décharge rapide aplatissement p rythmiq,True,auto-syntax
décharge ras cliniquement,décharge ras cliniquement,False,unchanged
décharge rythme rapides,décharge rythme rapides,False,unchanged
décharge rythmes rapides vs polypointes?,décharge rythmes rapides vs polypointes?,False,unchanged
décharge rythmique,décharge rythmique,False,unchanged
décharge rythmique FT D,décharge rythmique ft d,True,auto-syntax
décharge rythmique centrale,décharge rythmique centrale,False,unchanged
décharge sous Fz CZ?,décharge sous fz cz?,True,auto-syntax
décharge ythmiques,décharge ythmiques,False,unchanged
décharge électrique pied gauche,décharge électrique pied gauche,False,unchanged
décharge?,décharge?,False,unchanged
décharges,décharges,False,unchanged
décharges électriques main gch aussi,décharges électriques main gch aussi,False,unchanged
décharhe,décharhe,False,unchanged
déchérge,déchérge,False,unchanged
décrit sa sensation,décrit sa sensation,False,unchanged
"décrit une ""absence toute simple""","décrit une ""absence toute simple""",False,unchanged
dégluti N,dégluti n,True,auto-syntax
déglutit,déglutit,False,unchanged
déglutit c,déglutit c,False,unchanged
déjeuner,déjeuner,False,unchanged
dénomme,dénomme,False,unchanged
dénomme clé,dénomme clé,False,unchanged
dénomme crayohn,dénomme crayohn,False,unchanged
dénomme le bateau,dénomme le bateau,False,unchanged
dénomme le ciseau,dénomme le ciseau,False,unchanged
dénomme le crayon,dénomme le crayon,False,unchanged
dénomme le mot bateau,dénomme le mot bateau,False,unchanged
dénomme le stylo,dénomme le stylo,False,unchanged
dénomme le téléphone,dénomme le téléphone,False,unchanged
dénomme les clés et la montre,dénomme les clés et la montre,False,unchanged
dénomme montre,dénomme montre,False,unchanged
dénomme ok ché du pied dt mais pas gch,dénomme ok ché du pied dt mais pas gch,False,unchanged
dénomme ok gch non habituel des crises,dénomme ok gch non habituel des crises,False,unchanged
dénomme pas,dénomme pas,False,unchanged
dénomme pas les m&ms,dénomme pas les mms,True,auto-syntax
dénomme stylo à billes,dénomme stylo à billes,False,unchanged
désat,désat,False,unchanged
désaturation,désaturation,False,unchanged
désigne,désigne,False,unchanged
désigne après la bouffée,désigne après la bouffée,False,unchanged
désigne avec plus de lenteur,désigne avec plus de lenteur,False,unchanged
désorientée,désorientée,False,unchanged
déviation des yeux ?,déviation des yeux?,True,auto-syntax
déviation du regard vers la <g,déviation du regard vers la <g,False,unchanged
déviation regard =>D,déviation regard =>d,True,auto-syntax
déviation tete vers la droite,déviation tete vers la droite,False,unchanged
déviation tête vers la droite,déviation tête vers la droite,False,unchanged
déviation tête à gauche,déviation tête à gauche,False,unchanged
déviation tête=>G,déviation tête=>g,True,auto-syntax
déviation yx D,déviation yx d,True,auto-syntax
dévie de plus en plus vers la droite.,dévie de plus en plus vers la droite.,False,unchanged
dévitaion totale tête à G,dévitaion totale tête à g,True,auto-syntax
dévition tête et yeux à G,dévition tête et yeux à g,True,auto-syntax
e frotte les yeux,e frotte les yeux,False,unchanged
e verifiée,e verifiée,False,unchanged
ecg = coeur,ecg = coeur,False,unchanged
ecg ?,ecg?,True,auto-syntax
ecg1 = VNS,ecg1 = vns,True,auto-syntax
ecg1=VNS,ecg1=vns,True,auto-syntax
ecg2 =sterno-cléido-mastoïdien droit,ecg2 =sterno cléido mastoïdien droit,True,auto-syntax
ecg=vns,ecg=vns,False,unchanged
ecg?,ecg?,False,unchanged
elec verrif,elec verrif,False,unchanged
electrochoc+maindte qui tremble,electrochoc+maindte qui tremble,False,unchanged
electrode T5 intalée a nouveau,electrode t5 intalée a nouveau,True,auto-syntax
electrode veridfiee,electrode veridfiee,False,unchanged
electrode verifiée,electrode verifiée,False,unchanged
electrode vérifiée,electrode vérifiée,False,unchanged
electrodes verifier,electrodes verifier,False,unchanged
electrodes verifié,electrodes verifié,False,unchanged
elevation de la main droite,elevation de la main droite,False,unchanged
elevation du msg,elevation du msg,False,unchanged
elevation du pouls,elevation du pouls,False,unchanged
elle confirme qu'elle l'a sentie venir,elle confirme qu'elle l'a sentie venir,False,unchanged
"elle dit ""bonjour""","elle dit ""bonjour""",False,unchanged
"elle dit ""je fais une crise""","elle dit ""je fais une crise""",False,unchanged
elle décrit que c'est une petite crise,elle décrit que c'est une petite crise,False,unchanged
elle ne répond pas,elle ne répond pas,False,unchanged
elle pleure après les crises,elle pleure après les crises,False,unchanged
elle précise que n'a pas perdu connaissa,elle précise que n'a pas perdu connaissa,False,unchanged
embrasse Aicha,embrasse aicha,True,auto-syntax
emg 3 = trapez cou gauche,emg 3 = trapez cou gauche,False,unchanged
emg1 verrif,emg1 verrif,False,unchanged
emg2 = trapez cou droit,emg2 = trapez cou droit,False,unchanged
en train d'en fair eune,en train d'en fair eune,False,unchanged
encas,encas,False,unchanged
endormissement,endormissement,False,unchanged
endormissement 1,endormissement 1,False,unchanged
endormissement*,endormissement,True,auto-syntax
endormissemnt,endormissemnt,False,unchanged
endormissemnt 1,endormissemnt 1,False,unchanged
engourdissement main g,engourdissement main g,False,unchanged
enregistrement veille tranquile,enregistrement veille tranquile,False,unchanged
entree soignant,entree soignant,False,unchanged
entretien médical,entretien médical,False,unchanged
entretien neuropsy,entretien neuropsy,False,unchanged
entretien psy,entretien psy,False,unchanged
entrée de Licka,entrée de licka,True,auto-syntax
erreur,erreur,False,unchanged
essai de dénomination sur cahier,essai de dénomination sur cahier,False,unchanged
essai de répondre mais ni arrive pas,essai de répondre mais ni arrive pas,False,unchanged
essaie de désigner,essaie de désigner,False,unchanged
essaie de retirer les fils,essaie de retirer les fils,False,unchanged
est au toilette,est au toilette,False,unchanged
est réveillée par infirmier,est réveillée par infirmier,False,unchanged
est sur son Phone ras cliniquement,est sur son phone ras cliniquement,True,auto-syntax
est éveillé dans son lit,est éveillé dans son lit,False,unchanged
et ?,et?,True,auto-syntax
et aigues stt temporales G >D,et aigues stt temporales g >d,True,auto-syntax
et dans le bras droit,et dans le bras droit,False,unchanged
et de la tête,et de la tête,False,unchanged
et du bras à la jambe à droite,et du bras à la jambe à droite,False,unchanged
et maintenant c'est une sensation de,et maintenant c'est une sensation de,False,unchanged
et redescendu rapidement (intensité),et redescendu rapidement (intensité),False,unchanged
eternue,eternue,False,unchanged
eternue et tousse,eternue et tousse,False,unchanged
ev,ev,False,unchanged
eveil,eveil,False,unchanged
eveil + douleur ?,eveil + douleur?,True,auto-syntax
"eveil , s etire","eveil, s etire",True,auto-syntax
eveil avec petit mouvement de la main D,eveil avec petit mouvement de la main d,True,auto-syntax
eveil se leve,eveil se leve,False,unchanged
eveil?,eveil?,False,unchanged
eveil? decharge?,eveil? decharge?,False,unchanged
eveillée,eveillée,False,unchanged
eveil§?,eveil?,True,auto-syntax
examen clinique,examen clinique,False,unchanged
examen clinique neuro,examen clinique neuro,False,unchanged
examen clinique va débutert,examen clinique va débutert,False,unchanged
examen medical,examen medical,False,unchanged
examen neurologi,examen neurologi,False,unchanged
examen par dr landre,examen par dr landre,False,unchanged
execute ce qu on lui demande,execute ce qu on lui demande,False,unchanged
execute ordre simple,execute ordre simple,False,unchanged
execute un ordre simple,execute un ordre simple,False,unchanged
explication tres precise,explication tres precise,False,unchanged
explications à posteriori:,explications à posteriori:,False,unchanged
explique bien la sensation a droite,explique bien la sensation a droite,False,unchanged
extension MI/MS,extension mi/ms,True,auto-syntax
extension MSD,extension msd,True,auto-syntax
extension MSG,extension msg,True,auto-syntax
extension de la tete,extension de la tete,False,unchanged
extension élévation abduction 2 MS,extension élévation abduction 2 ms,True,auto-syntax
extention de le tete en avant,extention de le tete en avant,False,unchanged
external button,external button,False,unchanged
exécute,exécute,False,unchanged
f,f,False,unchanged
f10 et f8,f10 et f8,False,unchanged
f7 artefact,f7 artefact,False,unchanged
f8,f8,False,unchanged
f8 verifiée,f8 verifiée,False,unchanged
f9 fp1 f7,f9 fp1 f7,False,unchanged
facies figé,facies figé,False,unchanged
fait bruit,fait bruit,False,unchanged
fait de grimaces - se grate,fait de grimaces se grate,True,auto-syntax
fait un bruit,fait un bruit,False,unchanged
ferme Y et AOA,ferme y et aoa,True,auto-syntax
ferme brutalement les yeux,ferme brutalement les yeux,False,unchanged
ferme les Y puis AOA,ferme les y puis aoa,True,auto-syntax
ferme les yeux,ferme les yeux,False,unchanged
ferme les yeux éviés à gauche,ferme les yeux éviés à gauche,False,unchanged
fermeture des yeux,fermeture des yeux,False,unchanged
fg,fg,False,unchanged
figures du sommeil asymétriques,figures du sommeil asymétriques,False,unchanged
figé r,figé r,False,unchanged
fils touché,fils touché,False,unchanged
fin,fin,False,unchanged
fin HPN,fin hpn,True,auto-syntax
fin crise,fin crise,False,unchanged
fin d'interrogatoire medical,fin d'interrogatoire medical,False,unchanged
fin de crise?,fin de crise?,False,unchanged
"fin de la ""crise""","fin de la ""crise""",False,unchanged
fin de la sensation,fin de la sensation,False,unchanged
fin de la sensation type coup de poing,fin de la sensation type coup de poing,False,unchanged
fin de privation de sommeil,fin de privation de sommeil,False,unchanged
fin de sieste,fin de sieste,False,unchanged
fin de temps calme,fin de temps calme,False,unchanged
fin du morceau,fin du morceau,False,unchanged
fin electrique (à D),fin electrique (à d),True,auto-syntax
fin hpn,fin hpn,False,unchanged
fin hpn sec,fin hpn sec,False,unchanged
fin injection laroxyl,fin injection laroxyl,False,unchanged
fin interrogatoire,fin interrogatoire,False,unchanged
fin interrogatoire medeciale,fin interrogatoire medeciale,False,unchanged
fin interrogatoire médical,fin interrogatoire médical,False,unchanged
fin nuit,fin nuit,False,unchanged
fin privatio de sommeil,fin privatio de sommeil,False,unchanged
fin techno,fin techno,False,unchanged
fin temps calme,fin temps calme,False,unchanged
fin électrique,fin électrique,False,unchanged
finn,finn,False,unchanged
fixe l'écran TV,fixe l'écran tv,True,auto-syntax
fixité du regard,fixité du regard,False,unchanged
fl,fl,False,unchanged
fl d,fl d,False,unchanged
fl d?,fl d?,False,unchanged
fl g,fl g,False,unchanged
fl gauche,fl gauche,False,unchanged
flash,flash,False,unchanged
flashs,flashs,False,unchanged
flexion MIG,flexion mig,True,auto-syntax
flexion mSD et poing droit serré,flexion msd et poing droit serré,True,auto-syntax
fort pointu pour du sommeil????,fort pointu pour du sommeil?,True,auto-syntax
forte,forte,False,unchanged
fourmiilements MIG,fourmiilements mig,True,auto-syntax
fourmillement a droite+froid (habituel),fourmillement a droite+froid (habituel),False,unchanged
fourmillement bras gauche,fourmillement bras gauche,False,unchanged
fourmillement jambe g,fourmillement jambe g,False,unchanged
fourmillement main droite,fourmillement main droite,False,unchanged
fourmillement main droite + bouche dt,fourmillement main droite + bouche dt,False,unchanged
fourmillement partout derriere le corps,fourmillement partout derriere le corps,False,unchanged
fourmillement plus a gch,fourmillement plus a gch,False,unchanged
fourmillement tete et dos,fourmillement tete et dos,False,unchanged
fourmillement tjsmain dte + bche dte,fourmillement tjsmain dte + bche dte,False,unchanged
fourmillement toujours au 2 mains,fourmillement toujours au 2 mains,False,unchanged
fourmillements MSG et MIG,fourmillements msg et mig,True,auto-syntax
fourmillements aux bras,fourmillements aux bras,False,unchanged
fourmillements bras gauche,fourmillements bras gauche,False,unchanged
fourmillements dans les mains,fourmillements dans les mains,False,unchanged
fourmillements froidextrémités post HPN,fourmillements froidextrémités post hpn,True,auto-syntax
fourmillements hémiface gauche,fourmillements hémiface gauche,False,unchanged
fourmillements signalés par la patiente,fourmillements signalés par la patiente,False,unchanged
fourmillemt main x2 bouche VISAGE,fourmillemt main x2 bouche visage,True,auto-syntax
fourmis,fourmis,False,unchanged
fragmenté,fragmenté,False,unchanged
"frissons, vertiges","frissons, vertiges",False,unchanged
fronce sourcils,fronce sourcils,False,unchanged
frontal G,frontal g,True,auto-syntax
frontal gauche,frontal gauche,False,unchanged
frontal gauche et ligne med,frontal gauche et ligne med,False,unchanged
fronto temporale,fronto temporale,False,unchanged
frotte la paume droite avec la main gauc,frotte la paume droite avec la main gauc,False,unchanged
fuseau,fuseau,False,unchanged
fuseau + complexe K,fuseau + complexe k,True,auto-syntax
fuseau de sommeil,fuseau de sommeil,False,unchanged
fuseau diffuse,fuseau diffuse,False,unchanged
fuseau?,fuseau?,False,unchanged
fuseau?*,fuseau?,True,auto-syntax
fuseau???,fuseau?,True,auto-syntax
fuseaux,fuseaux,False,unchanged
fuseaux et P vertex,fuseaux et p vertex,True,auto-syntax
fuseaux et Pointes vertex,fuseaux et pointes vertex,True,auto-syntax
fuseaux mieux dessinés à D,fuseaux mieux dessinés à d,True,auto-syntax
fuseaux roite?,fuseaux roite?,False,unchanged
fuseaux versus rr ?,fuseaux versus rr?,True,auto-syntax
fuseaux?,fuseaux?,False,unchanged
fuseaux??,fuseaux?,True,auto-syntax
fuseaux???,fuseaux?,True,auto-syntax
fuseaux??????,fuseaux?,True,auto-syntax
fuseaux???mais posérieur_,fuseaux?mais posérieur ,True,auto-syntax
fy,fy,False,unchanged
g,g,False,unchanged
g N 140 sec,g n 140 sec,True,auto-syntax
g cro réveil,g cro réveil,False,unchanged
gauche,gauche,False,unchanged
gauche revoir,gauche revoir,False,unchanged
gauche rythmique,gauche rythmique,False,unchanged
gauche rythmique revoir,gauche rythmique revoir,False,unchanged
geint,geint,False,unchanged
geint ents MS rents,geint ents ms rents,True,auto-syntax
gene au touché du pied dt mais pas gch,gene au touché du pied dt mais pas gch,False,unchanged
gene cuisse gch mais pense que c'est dû,gene cuisse gch mais pense que c'est dû,False,unchanged
gestes des mains,gestes des mains,False,unchanged
grande inspiration,grande inspiration,False,unchanged
gratte,gratte,False,unchanged
grimace,grimace,False,unchanged
gyration ++ à DROITE,gyration + à droite,True,auto-syntax
gémit,gémit,False,unchanged
gémit quand elle bouge,gémit quand elle bouge,False,unchanged
gêne main G ?,gêne main g?,True,auto-syntax
halo lumineux,halo lumineux,False,unchanged
hausse les sourcils,hausse les sourcils,False,unchanged
hausse les épaules,hausse les épaules,False,unchanged
hemianopsie d,hemianopsie d,False,unchanged
hoche la tête,hoche la tête,False,unchanged
hoche tete,hoche tete,False,unchanged
hochement tete,hochement tete,False,unchanged
hoquet,hoquet,False,unchanged
hors champ,hors champ,False,unchanged
hors champ de la caméra,hors champ de la caméra,False,unchanged
hors champ vidéo,hors champ vidéo,False,unchanged
hpn,hpn,False,unchanged
hpn 180sec,hpn 180sec,False,unchanged
hpn irréalisable,hpn irréalisable,False,unchanged
hyperextension lente en arrière,hyperextension lente en arrière,False,unchanged
hypertonie MI,hypertonie mi,True,auto-syntax
hypoesthésie face ext MIG et bras,hypoesthésie face ext mig et bras,True,auto-syntax
hémiface gauche,hémiface gauche,False,unchanged
héminégligence???,héminégligence?,True,auto-syntax
idem,idem,False,unchanged
idem décharge infraC qq sec,idem décharge infrac qq sec,True,auto-syntax
il decrit une sensation de gonflement,il decrit une sensation de gonflement,False,unchanged
il dit que la sensation est montée,il dit que la sensation est montée,False,unchanged
"il me répond ""hum hum""","il me répond ""hum hum""",False,unchanged
il ne s'agit pas de chaleur aux mains,il ne s'agit pas de chaleur aux mains,False,unchanged
il previent,il previent,False,unchanged
il précise que avant 2 mains engourdies,il précise que avant 2 mains engourdies,False,unchanged
il prévient,il prévient,False,unchanged
im laroxyl 30mg,im laroxyl 30mg,False,unchanged
im larroxyl,im larroxyl,False,unchanged
imite une crise,imite une crise,False,unchanged
immobile,immobile,False,unchanged
immobile +MO,immobile +mo,True,auto-syntax
impression qu'il y a quelque chose,impression qu'il y a quelque chose,False,unchanged
imression d'être en levitation,imression d'être en levitation,False,unchanged
inerrogatoire médical,inerrogatoire médical,False,unchanged
infirmiere,infirmiere,False,unchanged
information de l'époux.,information de l'époux.,False,unchanged
infraclinique,infraclinique,False,unchanged
injection larolxyl,injection larolxyl,False,unchanged
injection laroxyl,injection laroxyl,False,unchanged
injection laroxyl 50mg,injection laroxyl 50mg,False,unchanged
insensibilité a gch toujours presente e,insensibilité a gch toujours presente e,False,unchanged
inspire,inspire,False,unchanged
instabilité,instabilité,False,unchanged
interrOGATOIRE MEDICALE,interrogatoire medicale,True,auto-syntax
interro,interro,False,unchanged
interro médical,interro médical,False,unchanged
interro tech,interro tech,False,unchanged
interrogatoire,interrogatoire,False,unchanged
interrogatoire au sujet de la secousse,interrogatoire au sujet de la secousse,False,unchanged
interrogatoire crise 07h07,interrogatoire crise 07h07,False,unchanged
interrogatoire medical,interrogatoire medical,False,unchanged
interrogatoire médical,interrogatoire médical,False,unchanged
interrogatoire médicale,interrogatoire médicale,False,unchanged
interrogatoire à garder,interrogatoire à garder,False,unchanged
interrogatpoire medical,interrogatpoire medical,False,unchanged
interversion f8/f10,interversion f8/f10,False,unchanged
jargonne,jargonne,False,unchanged
je demande au patient si ca va,je demande au patient si ca va,False,unchanged
je demande de retenir le mot framboise,je demande de retenir le mot framboise,False,unchanged
je lui demande a nouvea si qque chose,je lui demande a nouvea si qque chose,False,unchanged
je lui demande s'il m'entend il dit oui,je lui demande s'il m'entend il dit oui,False,unchanged
je lui demande. il ne répond pas,je lui demande. il ne répond pas,False,unchanged
joue avec sa tablette,joue avec sa tablette,False,unchanged
joue son telephone,joue son telephone,False,unchanged
jour ok,jour ok,False,unchanged
"jour, mois, année ok","jour, mois, année ok",False,unchanged
jusque dessous l'oeil,jusque dessous l'oeil,False,unchanged
keppra 500 tegretol LP200 donnés,keppra 500 tegretol lp200 donnés,True,auto-syntax
kesako ?,kesako?,True,auto-syntax
kiné,kiné,False,unchanged
l'activité lors des P,l'activité lors des p,True,auto-syntax
l'oreiller est retiré,l'oreiller est retiré,False,unchanged
la,la,False,unchanged
la maman a signalé respi + forte qq sec,la maman a signalé respi + forte qq sec,False,unchanged
la mére signale une crise?,la mére signale une crise?,False,unchanged
la sensation revient,la sensation revient,False,unchanged
la tech la demande si elle va bien,la tech la demande si elle va bien,False,unchanged
lache son téléphone,lache son téléphone,False,unchanged
lambda,lambda,False,unchanged
lambda de fixation?,lambda de fixation?,False,unchanged
lambda post?,lambda post?,False,unchanged
lambda sur PzOz?,lambda sur pzoz?,True,auto-syntax
lambda?,lambda?,False,unchanged
langue,langue,False,unchanged
larmoiement,larmoiement,False,unchanged
laroxyl im,laroxyl im,False,unchanged
laroxyl im 40 mg,laroxyl im 40 mg,False,unchanged
lbas du visage engourdi,lbas du visage engourdi,False,unchanged
le corps ration continu qui traverse,le corps ration continu qui traverse,False,unchanged
le fait d'interagir: impression que,le fait d'interagir: impression que,False,unchanged
le gene,le gene,False,unchanged
le patient a senti comme une decharge,le patient a senti comme une decharge,False,unchanged
"le patient dit ""c'est bon"" fin de crise","le patient dit ""c'est bon"" fin de crise",False,unchanged
le patient dit ne pas encore se sentir,le patient dit ne pas encore se sentir,False,unchanged
le patient dit que ca ne va pas,le patient dit que ca ne va pas,False,unchanged
le patient me dit avoir des sensations,le patient me dit avoir des sensations,False,unchanged
le patient n'a pas le doigt dans saturo,le patient n'a pas le doigt dans saturo,False,unchanged
le patient ne répond pas,le patient ne répond pas,False,unchanged
le patient semble géné par qque chose,le patient semble géné par qque chose,False,unchanged
le pouls diminue,le pouls diminue,False,unchanged
lecture,lecture,False,unchanged
lecture PLUS A LIRE,lecture plus a lire,True,auto-syntax
lecture bien la sensation a droite,lecture bien la sensation a droite,False,unchanged
lecture d'un texte ecise,lecture d'un texte ecise,False,unchanged
lecture ok,lecture ok,False,unchanged
lecture ouvé son état normal,lecture ouvé son état normal,False,unchanged
lecture: ne lit pas le début de la phras,lecture: ne lit pas le début de la phras,False,unchanged
legere grimace,legere grimace,False,unchanged
legere sensation,legere sensation,False,unchanged
legers tremblts 2 bras et torse: connu,legers tremblts 2 bras et torse: connu,False,unchanged
lent,lent,False,unchanged
lent G,lent g,True,auto-syntax
lent T G,lent t g,True,auto-syntax
lent ant g,lent ant g,False,unchanged
lent diffus,lent diffus,False,unchanged
lent emps calme,lent emps calme,False,unchanged
lent en temporal G,lent en temporal g,True,auto-syntax
lent en temporal gauche,lent en temporal gauche,False,unchanged
lent global,lent global,False,unchanged
lent iagu ant fronto temp,lent iagu ant fronto temp,False,unchanged
lent mais aigu temporal G,lent mais aigu temporal g,True,auto-syntax
lent rythmique TG,lent rythmique tg,True,auto-syntax
lent rythmique à droite,lent rythmique à droite,False,unchanged
lent rythmlique TG,lent rythmlique tg,True,auto-syntax
lent région centrales bilat et ligne med,lent région centrales bilat et ligne med,False,unchanged
lent sur F7,lent sur f7,True,auto-syntax
lent temp G,lent temp g,True,auto-syntax
lent temporal G,lent temporal g,True,auto-syntax
lent temporal bilatéral,lent temporal bilatéral,False,unchanged
lent temporal gauche,lent temporal gauche,False,unchanged
lent versus artefact,lent versus artefact,False,unchanged
lent à D,lent à d,True,auto-syntax
lent à D. Aspect rythmique,lent à d. aspect rythmique,True,auto-syntax
lenteur + erreur pour désigner,lenteur + erreur pour désigner,False,unchanged
lents à G,lents à g,True,auto-syntax
les fourmillments sont tjrs present,les fourmillments sont tjrs present,False,unchanged
les sensations ne 'arrete pas,les sensations ne 'arrete pas,False,unchanged
leve la jambe gauche puis la droite,leve la jambe gauche puis la droite,False,unchanged
leve ses MS,leve ses ms,True,auto-syntax
lever de coeur r bien,lever de coeur r bien,False,unchanged
lg,lg,False,unchanged
lieu ok,lieu ok,False,unchanged
ligne mediane et P4-O2???,ligne mediane et p4 o2?,True,auto-syntax
ligne médiane,ligne médiane,False,unchanged
lit,lit,False,unchanged
lit désactivé,lit désactivé,False,unchanged
lit tout parfaitement bien,lit tout parfaitement bien,False,unchanged
longue décharge de pointes ondes,longue décharge de pointes ondes,False,unchanged
longue paro,longue paro,False,unchanged
longue periode pointe gauche,longue periode pointe gauche,False,unchanged
lorsqu'il a les yeux ouverts,lorsqu'il a les yeux ouverts,False,unchanged
lumière,lumière,False,unchanged
lumière allumée,lumière allumée,False,unchanged
lâchage du mSdroit,lâchage du msdroit,True,auto-syntax
lève la main pour répondre,lève la main pour répondre,False,unchanged
lève la têt de son ordinateur,lève la têt de son ordinateur,False,unchanged
lève la tête puis fixité du regard,lève la tête puis fixité du regard,False,unchanged
léger mal de Tête àG,léger mal de tête àg,True,auto-syntax
légere déviation de la tete à G,légere déviation de la tete à g,True,auto-syntax
légere secousse de la tete,légere secousse de la tete,False,unchanged
légers maux de tête tempes G et arriere,légers maux de tête tempes g et arriere,True,auto-syntax
légère prédominance gauche?,légère prédominance gauche?,False,unchanged
légère secousse MSD,légère secousse msd,True,auto-syntax
légére secousse main G,légére secousse main g,True,auto-syntax
léve la main,léve la main,False,unchanged
m,m,False,unchanged
machoire,machoire,False,unchanged
machonement,machonement,False,unchanged
machonne,machonne,False,unchanged
machonne les yeux,machonne les yeux,False,unchanged
machonnement,machonnement,False,unchanged
machonnement pdt le sommeil,machonnement pdt le sommeil,False,unchanged
"machonnment, rictus, pale","machonnment, rictus, pale",False,unchanged
machônne,machônne,False,unchanged
main D,main d,True,auto-syntax
main D sur la bouche,main d sur la bouche,True,auto-syntax
main droite engourdie !!!,main droite engourdie!,True,auto-syntax
main dte sur la bouche,main dte sur la bouche,False,unchanged
main gauche dystonique,main gauche dystonique,False,unchanged
main moite,main moite,False,unchanged
mains moites,mains moites,False,unchanged
mains moites comme début crise,mains moites comme début crise,False,unchanged
mains sur le visage,mains sur le visage,False,unchanged
mainteant dans tout le corps age,mainteant dans tout le corps age,False,unchanged
mainteant plutot à l'arriere du corps,mainteant plutot à l'arriere du corps,False,unchanged
mais avant les 2 pouces,mais avant les 2 pouces,False,unchanged
mais même type de symptomatologie,mais même type de symptomatologie,False,unchanged
mais n'exprime pas d'autres sensations,mais n'exprime pas d'autres sensations,False,unchanged
mais qu'il est actuellement chez,mais qu'il est actuellement chez,False,unchanged
mais sensation electrique dans le cou,mais sensation electrique dans le cou,False,unchanged
majoration des MO,majoration des mo,True,auto-syntax
majoration déviation tête et tronc à D,majoration déviation tête et tronc à d,True,auto-syntax
majoration tete et yeux vers D,majoration tete et yeux vers d,True,auto-syntax
majoration tremblement pouce G,majoration tremblement pouce g,True,auto-syntax
mal a l arriere de la tete droite,mal a l arriere de la tete droite,False,unchanged
mal au ventre,mal au ventre,False,unchanged
mal aux reins,mal aux reins,False,unchanged
mal à l'estomac,mal à l'estomac,False,unchanged
malaise vagal,malaise vagal,False,unchanged
maman pose portable avec mlusique,maman pose portable avec mlusique,False,unchanged
mange,mange,False,unchanged
mange dominant à D,mange dominant à d,True,auto-syntax
mange un gateau,mange un gateau,False,unchanged
manipule la boite tétière,manipule la boite tétière,False,unchanged
manipule tjs la boite tétière,manipule tjs la boite tétière,False,unchanged
manque de mots,manque de mots,False,unchanged
manque du mot,manque du mot,False,unchanged
marche,marche,False,unchanged
marche dans le couloir : 3 chutes,marche dans le couloir: 3 chutes,True,auto-syntax
marmonne,marmonne,False,unchanged
marmonne et manipule de la main G la..,marmonne et manipule de la main g la.,True,auto-syntax
marque page,marque page,False,unchanged
marque un temps d arret en parlant,marque un temps d arret en parlant,False,unchanged
mcro réveil,mcro réveil,False,unchanged
micreo réveil,micreo réveil,False,unchanged
micro *reveil,micro reveil,True,auto-syntax
micro absence,micro absence,False,unchanged
micro absence+secousse msd,micro absence+secousse msd,False,unchanged
micro dechaerge a droite,micro dechaerge a droite,False,unchanged
micro eveil,micro eveil,False,unchanged
micro reveil,micro reveil,False,unchanged
micro réveil,micro réveil,False,unchanged
micro réveil ?,micro réveil?,True,auto-syntax
micro réveil ERALES,micro réveil erales,True,auto-syntax
micro réveil G,micro réveil g,True,auto-syntax
micro réveil MI,micro réveil mi,True,auto-syntax
micro réveil bouche,micro réveil bouche,False,unchanged
micro réveil crise?,micro réveil crise?,False,unchanged
micro réveil réveil,micro réveil réveil,False,unchanged
micro réveil sin jambes,micro réveil sin jambes,False,unchanged
micro réveil yeux,micro réveil yeux,False,unchanged
micro réveil?,micro réveil?,False,unchanged
micro réveil? Crise?,micro réveil? crise?,True,auto-syntax
micro réveil?crise?,micro réveil?crise?,False,unchanged
micro rével,micro rével,False,unchanged
micro révzil,micro révzil,False,unchanged
micro sensation bras dt,micro sensation bras dt,False,unchanged
micro éveil,micro éveil,False,unchanged
micro éveil??,micro éveil?,True,auto-syntax
micro-éveil ?,micro éveil?,True,auto-syntax
microcrise,microcrise,False,unchanged
microeveil,microeveil,False,unchanged
microréveil puis decharge gauche,microréveil puis decharge gauche,False,unchanged
microéveil,microéveil,False,unchanged
microéveils,microéveils,False,unchanged
mieux dessiné en temporal G ? plus aigu?,mieux dessiné en temporal g? plus aigu?,True,auto-syntax
mimique précède la PO,mimique précède la po,True,auto-syntax
min ette,min ette,False,unchanged
mini decharge TG,mini decharge tg,True,auto-syntax
mini pointe G?,mini pointe g?,True,auto-syntax
miocro réveil,miocro réveil,False,unchanged
mirco réveil sin jambes,mirco réveil sin jambes,False,unchanged
miro réveil?,miro réveil?,False,unchanged
mis sous O2,mis sous o2,True,auto-syntax
mise sous O2,mise sous o2,True,auto-syntax
mo,mo,False,unchanged
mo OIR,mo oir,True,auto-syntax
mo et stop tapping mais repond,mo et stop tapping mais repond,False,unchanged
mo incontôlés ++,mo incontôlés +,True,auto-syntax
mo+,mo+,False,unchanged
mo+ rnal button,mo+ rnal button,False,unchanged
mobilise MID,mobilise mid,True,auto-syntax
mobilise bien les MI,mobilise bien les mi,True,auto-syntax
mobilise bien les MS,mobilise bien les ms,True,auto-syntax
mobilise les MS,mobilise les ms,True,auto-syntax
mois ok,mois ok,False,unchanged
moite ++,moite +,True,auto-syntax
mollet dt,mollet dt,False,unchanged
monte petit à petit,monte petit à petit,False,unchanged
montre bien la bague,montre bien la bague,False,unchanged
montre la main droite,montre la main droite,False,unchanged
montre ok,montre ok,False,unchanged
montre sénior : décharge rythmique?,montre sénior: décharge rythmique?,True,auto-syntax
montrer au chef,montrer au chef,False,unchanged
montrer chef,montrer chef,False,unchanged
montrer chef?,montrer chef?,False,unchanged
montrer senior,montrer senior,False,unchanged
montrer sénior,montrer sénior,False,unchanged
montrer sénior : activité pseudo-rythmi,montrer sénior: activité pseudo rythmi,True,auto-syntax
moontrer au chef,moontrer au chef,False,unchanged
mot à retenir,mot à retenir,False,unchanged
motricite,motricite,False,unchanged
motricite ok,motricite ok,False,unchanged
mou,mou,False,unchanged
moue avec la bouche mais en fait en deh,moue avec la bouche mais en fait en deh,False,unchanged
moue bouche décrite ensuite,moue bouche décrite ensuite,False,unchanged
moulinet main droite et mvts de tête,moulinet main droite et mvts de tête,False,unchanged
moulinette MSD,moulinette msd,True,auto-syntax
mouvement,mouvement,False,unchanged
mouvement MI,mouvement mi,True,auto-syntax
mouvement MID,mouvement mid,True,auto-syntax
mouvement MIG,mouvement mig,True,auto-syntax
mouvement MS,mouvement ms,True,auto-syntax
mouvement MSD,mouvement msd,True,auto-syntax
mouvement MSG,mouvement msg,True,auto-syntax
mouvement MSG G,mouvement msg g,True,auto-syntax
mouvement MSG et torse,mouvement msg et torse,True,auto-syntax
mouvement MSG et un peu le droit,mouvement msg et un peu le droit,True,auto-syntax
mouvement bassin,mouvement bassin,False,unchanged
mouvement bassin jambes,mouvement bassin jambes,False,unchanged
mouvement bras droit,mouvement bras droit,False,unchanged
mouvement bras gauche,mouvement bras gauche,False,unchanged
mouvement corps,mouvement corps,False,unchanged
mouvement de balancement voir,mouvement de balancement voir,False,unchanged
mouvement de bassin,mouvement de bassin,False,unchanged
mouvement de bouche,mouvement de bouche,False,unchanged
mouvement de la bouche,mouvement de la bouche,False,unchanged
mouvement de la tête,mouvement de la tête,False,unchanged
mouvement de tete,mouvement de tete,False,unchanged
mouvement de tete en avant,mouvement de tete en avant,False,unchanged
mouvement des 2 pieds,mouvement des 2 pieds,False,unchanged
mouvement des MI,mouvement des mi,True,auto-syntax
mouvement des MI(forme des cercles?),mouvement des mi(forme des cercles?),True,auto-syntax
mouvement des bras vers l'avant,mouvement des bras vers l'avant,False,unchanged
mouvement des jambes,mouvement des jambes,False,unchanged
mouvement des mains,mouvement des mains,False,unchanged
mouvement du bassin,mouvement du bassin,False,unchanged
mouvement du mb sup d,mouvement du mb sup d,False,unchanged
mouvement involontaire main droite,mouvement involontaire main droite,False,unchanged
mouvement jambe d,mouvement jambe d,False,unchanged
mouvement main D,mouvement main d,True,auto-syntax
mouvement main G,mouvement main g,True,auto-syntax
mouvement main droite,mouvement main droite,False,unchanged
mouvement main gauche,mouvement main gauche,False,unchanged
mouvement main: myoclonie?,mouvement main: myoclonie?,False,unchanged
mouvement oculaire,mouvement oculaire,False,unchanged
mouvement oro buccal,mouvement oro buccal,False,unchanged
mouvement pied G,mouvement pied g,True,auto-syntax
mouvement pied droit,mouvement pied droit,False,unchanged
mouvement pied gch,mouvement pied gch,False,unchanged
mouvement tete,mouvement tete,False,unchanged
mouvement tete a droite,mouvement tete a droite,False,unchanged
mouvement tete vers la droite,mouvement tete vers la droite,False,unchanged
mouvement tete vers la droite X3,mouvement tete vers la droite x3,True,auto-syntax
mouvement tête,mouvement tête,False,unchanged
"mouvement tête, buste","mouvement tête, buste",False,unchanged
mouvement épaule,mouvement épaule,False,unchanged
mouvement épaule D,mouvement épaule d,True,auto-syntax
mouvement épaule G,mouvement épaule g,True,auto-syntax
mouvement épaule droite roite,mouvement épaule droite roite,False,unchanged
mouvements MI,mouvements mi,True,auto-syntax
mouvements MS rents,mouvements ms rents,True,auto-syntax
mouvements anormaux MI,mouvements anormaux mi,True,auto-syntax
mouvements anormaux MSG,mouvements anormaux msg,True,auto-syntax
mouvements des 2 pieds,mouvements des 2 pieds,False,unchanged
mouvements des MI,mouvements des mi,True,auto-syntax
mouvements des mains,mouvements des mains,False,unchanged
mouvements des pieds,mouvements des pieds,False,unchanged
mouvements des é pieds,mouvements des é pieds,False,unchanged
mouvements mb sup >Droite,mouvements mb sup >droite,True,auto-syntax
mouvements rythmiques MSD,mouvements rythmiques msd,True,auto-syntax
mouvements tete,mouvements tete,False,unchanged
mouvepment de tête,mouvepment de tête,False,unchanged
mouvment MSD,mouvment msd,True,auto-syntax
mu,mu,False,unchanged
mu?,mu?,False,unchanged
mvt,mvt,False,unchanged
mvt bouche,mvt bouche,False,unchanged
mvt bras gauche,mvt bras gauche,False,unchanged
mvt bref membre sup,mvt bref membre sup,False,unchanged
mvt brusque bras droit,mvt brusque bras droit,False,unchanged
mvt buste,mvt buste,False,unchanged
mvt corps,mvt corps,False,unchanged
mvt des doigts,mvt des doigts,False,unchanged
mvt jambe,mvt jambe,False,unchanged
mvt jambe Dte,mvt jambe dte,True,auto-syntax
mvt jambe droite et ped g,mvt jambe droite et ped g,False,unchanged
mvt jambe gauche,mvt jambe gauche,False,unchanged
mvt jambes,mvt jambes,False,unchanged
mvt mb sup G,mvt mb sup g,True,auto-syntax
mvt membre inférieur droit,mvt membre inférieur droit,False,unchanged
mvt membre sup droit,mvt membre sup droit,False,unchanged
mvt palpebraux +++,mvt palpebraux +,True,auto-syntax
mvt pied droit,mvt pied droit,False,unchanged
mvt pieds,mvt pieds,False,unchanged
mvt tete,mvt tete,False,unchanged
mvt tete ici?,mvt tete ici?,False,unchanged
mvt tête,mvt tête,False,unchanged
mvt tête puis ja,mvt tête puis ja,False,unchanged
mvt tête à voir,mvt tête à voir,False,unchanged
myclonie,myclonie,False,unchanged
myclonie MSG,myclonie msg,True,auto-syntax
myclonie main G,myclonie main g,True,auto-syntax
myclonies MSG,myclonies msg,True,auto-syntax
myo palp,myo palp,False,unchanged
myoclonie,myoclonie,False,unchanged
myoclonie ?,myoclonie?,True,auto-syntax
myoclonie MSD,myoclonie msd,True,auto-syntax
myoclonie MSD jambes,myoclonie msd jambes,True,auto-syntax
myoclonie MSG,myoclonie msg,True,auto-syntax
myoclonie Msg,myoclonie msg,True,auto-syntax
myoclonie avec pointe concomittante,myoclonie avec pointe concomittante,False,unchanged
myoclonie bassin,myoclonie bassin,False,unchanged
myoclonie bras droit,myoclonie bras droit,False,unchanged
myoclonie diffuse,myoclonie diffuse,False,unchanged
myoclonie lévre sup G,myoclonie lévre sup g,True,auto-syntax
myoclonie main G,myoclonie main g,True,auto-syntax
myoclonie main gauche,myoclonie main gauche,False,unchanged
myoclonie msd,myoclonie msd,False,unchanged
myoclonie msg,myoclonie msg,False,unchanged
myoclonie palpebrale D,myoclonie palpebrale d,True,auto-syntax
myoclonie tête,myoclonie tête,False,unchanged
myoclonie tête n,myoclonie tête n,False,unchanged
myoclonie épaule gauche,myoclonie épaule gauche,False,unchanged
myoclonie????,myoclonie?,True,auto-syntax
myoclonies,myoclonies,False,unchanged
myoclonies ++++,myoclonies +,True,auto-syntax
myoclonies MI,myoclonies mi,True,auto-syntax
myoclonies MSG,myoclonies msg,True,auto-syntax
myoclonies asym MS,myoclonies asym ms,True,auto-syntax
myoclonies des MS : distractibles,myoclonies des ms: distractibles,True,auto-syntax
myoclonies des bras,myoclonies des bras,False,unchanged
myoclonies mains?,myoclonies mains?,False,unchanged
myoclonies msg,myoclonies msg,False,unchanged
myoclonies palpebrales,myoclonies palpebrales,False,unchanged
myoclonies palpébrales,myoclonies palpébrales,False,unchanged
myoclonies paupières,myoclonies paupières,False,unchanged
myoclonoe msg,myoclonoe msg,False,unchanged
myoclonoes,myoclonoes,False,unchanged
mâche gomme,mâche gomme,False,unchanged
mâchonne,mâchonne,False,unchanged
mâchonnements,mâchonnements,False,unchanged
n'a aucun souvenri de la crise,n'a aucun souvenri de la crise,False,unchanged
n'a pas pu prévenir,n'a pas pu prévenir,False,unchanged
n'a pas retenu le mot mais reprend,n'a pas retenu le mot mais reprend,False,unchanged
n'a pas senti la crise venir,n'a pas senti la crise venir,False,unchanged
n'a pas senti venir la crise,n'a pas senti venir la crise,False,unchanged
n'a pas serré de la main G,n'a pas serré de la main g,True,auto-syntax
n'a rien senti t,n'a rien senti t,False,unchanged
n'arrive pas a dire où il se trouve,n'arrive pas a dire où il se trouve,False,unchanged
n'arrive pas a parlé.,n'arrive pas a parlé.,False,unchanged
n'arrive pas à parler,n'arrive pas à parler,False,unchanged
n'arrive plus à parler,n'arrive plus à parler,False,unchanged
n'execute pas,n'execute pas,False,unchanged
n'execute pas les consignes,n'execute pas les consignes,False,unchanged
n'execute pas ordre simple,n'execute pas ordre simple,False,unchanged
n'exécute pas,n'exécute pas,False,unchanged
n'exécute pas l'ordre simple,n'exécute pas l'ordre simple,False,unchanged
n'identifie pas le telephone,n'identifie pas le telephone,False,unchanged
n'ouvre pas les yeux,n'ouvre pas les yeux,False,unchanged
nausées disparues,nausées disparues,False,unchanged
ne bouge pas,ne bouge pas,False,unchanged
ne crie plus,ne crie plus,False,unchanged
ne denomme pas,ne denomme pas,False,unchanged
ne denomme pas la bouteillle,ne denomme pas la bouteillle,False,unchanged
ne donne ni le lieu ni la date,ne donne ni le lieu ni la date,False,unchanged
ne dénomme pas,ne dénomme pas,False,unchanged
ne dénomme pas et essaie de prendre le b,ne dénomme pas et essaie de prendre le b,False,unchanged
ne dénomme pas les clés,ne dénomme pas les clés,False,unchanged
ne dénomme plus le crayon,ne dénomme plus le crayon,False,unchanged
ne dénomme toujours pas,ne dénomme toujours pas,False,unchanged
ne désigne pas,ne désigne pas,False,unchanged
ne ferme pas,ne ferme pas,False,unchanged
ne montre pas l'hélicoptère,ne montre pas l'hélicoptère,False,unchanged
ne montre pas l'image,ne montre pas l'image,False,unchanged
ne peu continuer la conversation,ne peu continuer la conversation,False,unchanged
ne peut pas répondre,ne peut pas répondre,False,unchanged
ne peut répondre car est en crise,ne peut répondre car est en crise,False,unchanged
ne rapporte pas l'objet montré,ne rapporte pas l'objet montré,False,unchanged
ne reconnait pas les personnages célèbre,ne reconnait pas les personnages célèbre,False,unchanged
ne repond pas,ne repond pas,False,unchanged
ne repond pas à l'AS,ne repond pas à l'as,True,auto-syntax
ne repond pas à l'IDE,ne repond pas à l'ide,True,auto-syntax
ne resent rien,ne resent rien,False,unchanged
ne ressent pas de diff à parler,ne ressent pas de diff à parler,False,unchanged
ne ressent plus rien,ne ressent plus rien,False,unchanged
ne ressent rein,ne ressent rein,False,unchanged
ne ressent rie,ne ressent rie,False,unchanged
ne ressent rien,ne ressent rien,False,unchanged
ne ressent rien de particulier,ne ressent rien de particulier,False,unchanged
"ne répo,d pas","ne répo,d pas",False,unchanged
ne répond pa sà tout,ne répond pa sà tout,False,unchanged
ne répond pas,ne répond pas,False,unchanged
ne répond pas aux questions d'orientatio,ne répond pas aux questions d'orientatio,False,unchanged
ne répond pas sés,ne répond pas sés,False,unchanged
ne répond pas à l'IDE,ne répond pas à l'ide,True,auto-syntax
ne répond pas à toutes les questions,ne répond pas à toutes les questions,False,unchanged
ne réponds pas,ne réponds pas,False,unchanged
ne s'en souvient pas,ne s'en souvient pas,False,unchanged
ne sait pas dire depuis quand il est la,ne sait pas dire depuis quand il est la,False,unchanged
ne sait pas dire le nom de Dr L,ne sait pas dire le nom de dr l,True,auto-syntax
ne sait pas dire qu'il est à l'hopital,ne sait pas dire qu'il est à l'hopital,False,unchanged
ne sait pas si MI engourdis habituel,ne sait pas si mi engourdis habituel,True,auto-syntax
ne se sent pas en état normal,ne se sent pas en état normal,False,unchanged
ne se sent pas tachycarde,ne se sent pas tachycarde,False,unchanged
ne se sent pas tres bien,ne se sent pas tres bien,False,unchanged
ne se souvient pas du mot,ne se souvient pas du mot,False,unchanged
ne se souvient pas du mot a retenir,ne se souvient pas du mot a retenir,False,unchanged
ne sent pas l'elevation du pouls,ne sent pas l'elevation du pouls,False,unchanged
ne sent pas lorsqu'on touche sa cuise g,ne sent pas lorsqu'on touche sa cuise g,False,unchanged
ne sent rien,ne sent rien,False,unchanged
ne serre pas la main G,ne serre pas la main g,True,auto-syntax
ne serre pas la main.,ne serre pas la main.,False,unchanged
ne signale rien,ne signale rien,False,unchanged
ne trouve pas la date,ne trouve pas la date,False,unchanged
ne trouve pas le mois de l'année,ne trouve pas le mois de l'année,False,unchanged
ne voit pas du tout à droite ite,ne voit pas du tout à droite ite,False,unchanged
neparle pas,neparle pas,False,unchanged
nette prédominance droite des anomalies,nette prédominance droite des anomalies,False,unchanged
nom ok,nom ok,False,unchanged
nombreuses P+PO en bouffées tout au lg,nombreuses p+po en bouffées tout au lg,True,auto-syntax
nombreuses PO,nombreuses po,True,auto-syntax
nombreuses bouffées d'OL aigues et PO,nombreuses bouffées d'ol aigues et po,True,auto-syntax
nombreuses bouffées de PO,nombreuses bouffées de po,True,auto-syntax
nombreuses pointes,nombreuses pointes,False,unchanged
non objectivable sauf qq mvt doigts,non objectivable sauf qq mvt doigts,False,unchanged
non objectivée,non objectivée,False,unchanged
note avoir une aura olfactive,note avoir une aura olfactive,False,unchanged
note heure de la sensation,note heure de la sensation,False,unchanged
note heure de la sensation éléctrique,note heure de la sensation éléctrique,False,unchanged
note heure de la sensatoin électrique,note heure de la sensatoin électrique,False,unchanged
nuit,nuit,False,unchanged
nystagmus,nystagmus,False,unchanged
o,o,False,unchanged
o occ,o occ,False,unchanged
oOL,ool,True,auto-syntax
odeur acide et fruitée,odeur acide et fruitée,False,unchanged
ointes droites,ointes droites,False,unchanged
ok pour le jour mais pas de réponse au r,ok pour le jour mais pas de réponse au r,False,unchanged
ol,ol,False,unchanged
ol + aigues à G,ol + aigues à g,True,auto-syntax
ol ?,ol?,True,auto-syntax
ol D,ol d,True,auto-syntax
ol G,ol g,True,auto-syntax
"ol aigues , quasi opp phase F7?","ol aigues, quasi opp phase f7?",True,auto-syntax
ol auche,ol auche,False,unchanged
ol d,ol d,False,unchanged
ol diffuse,ol diffuse,False,unchanged
ol droit,ol droit,False,unchanged
ol dt,ol dt,False,unchanged
ol dte,ol dte,False,unchanged
ol et p,ol et p,False,unchanged
ol fd rythmiques,ol fd rythmiques,False,unchanged
ol g,ol g,False,unchanged
ol ro *reveil,ol ro reveil,True,auto-syntax
ol ryt,ol ryt,False,unchanged
ol ryth,ol ryth,False,unchanged
ol rythmiques,ol rythmiques,False,unchanged
ol se?,ol se?,False,unchanged
ol td,ol td,False,unchanged
ol*,ol,True,auto-syntax
ol?,ol?,False,unchanged
oltd,oltd,False,unchanged
omplexe K?,omplexe k?,True,auto-syntax
on bouge le lit,on bouge le lit,False,unchanged
on remarque des mvt cloniques menton,on remarque des mvt cloniques menton,False,unchanged
ondes en dents de scie,ondes en dents de scie,False,unchanged
ondes lente td,ondes lente td,False,unchanged
ondes lentes,ondes lentes,False,unchanged
ondes lentes hémiph G,ondes lentes hémiph g,True,auto-syntax
ondes lentes mais stt D,ondes lentes mais stt d,True,auto-syntax
ondes lentes médianes,ondes lentes médianes,False,unchanged
ondes lentes rythmiques,ondes lentes rythmiques,False,unchanged
ondes lentes temporo-pariétales droites,ondes lentes temporo pariétales droites,True,auto-syntax
ondes rythmique en o2,ondes rythmique en o2,False,unchanged
ondes rythmiques,ondes rythmiques,False,unchanged
ondes rythmiques en o2?,ondes rythmiques en o2?,False,unchanged
ondes têtha ? ou dents de scie?,ondes têtha? ou dents de scie?,True,auto-syntax
onset,onset,False,unchanged
ool,ool,False,unchanged
opp phase F8,opp phase f8,True,auto-syntax
opp phase F8 F4,opp phase f8 f4,True,auto-syntax
opp phase sur F8,opp phase sur f8,True,auto-syntax
opp thoracique et mains moites,opp thoracique et mains moites,False,unchanged
"opposition de phase sur F8, nette","opposition de phase sur f8, nette",True,auto-syntax
orange,orange,False,unchanged
ordre : tape dans ses mains OK,ordre: tape dans ses mains ok,True,auto-syntax
organisation?,organisation?,False,unchanged
orientation,orientation,False,unchanged
orientation S/T OK,orientation s/t ok,True,auto-syntax
orientation ok,orientation ok,False,unchanged
orientation spatiale correcte,orientation spatiale correcte,False,unchanged
orientation spatiale: hopital saint anto,orientation spatiale: hopital saint anto,False,unchanged
orientation spatio temporelle ok,orientation spatio temporelle ok,False,unchanged
orientation temporelle ok,orientation temporelle ok,False,unchanged
orientation temporelle: ok,orientation temporelle: ok,False,unchanged
orientee,orientee,False,unchanged
ouverture de la bouche,ouverture de la bouche,False,unchanged
ouverture des yeux,ouverture des yeux,False,unchanged
ouvre la sacoche(bruit d e scratch),ouvre la sacoche(bruit d e scratch),False,unchanged
ouvre les yeux,ouvre les yeux,False,unchanged
ouvre les yeux (révulsés et déviés à G),ouvre les yeux (révulsés et déviés à g),True,auto-syntax
ouvre les yeux et cherche la sonnette,ouvre les yeux et cherche la sonnette,False,unchanged
ouvre yeux,ouvre yeux,False,unchanged
ouvre yeux sec,ouvre yeux sec,False,unchanged
oy,oy,False,unchanged
oz verifiée,oz verifiée,False,unchanged
p,p,False,unchanged
p !,p!,True,auto-syntax
p *,p ,True,auto-syntax
p + baille,p + baille,False,unchanged
p + rr,p + rr,False,unchanged
p + rr + ol,p + rr + ol,False,unchanged
p 01?,p 01?,False,unchanged
p D rythmiques,p d rythmiques,True,auto-syntax
p ES G,p es g,True,auto-syntax
p F8 T4,p f8 t4,True,auto-syntax
p F9,p f9,True,auto-syntax
p Frontales dt?,p frontales dt?,True,auto-syntax
p G,p g,True,auto-syntax
p G fée ondes lentes,p g fée ondes lentes,True,auto-syntax
p INTES,p intes,True,auto-syntax
p N 100 sec,p n 100 sec,True,auto-syntax
p N 120 sec,p n 120 sec,True,auto-syntax
p N 140 sec,p n 140 sec,True,auto-syntax
p N 150 sec,p n 150 sec,True,auto-syntax
p N 160 sec,p n 160 sec,True,auto-syntax
p N 180 sec,p n 180 sec,True,auto-syntax
p N 20 sec,p n 20 sec,True,auto-syntax
p N 200 sec,p n 200 sec,True,auto-syntax
p N 210 sec,p n 210 sec,True,auto-syntax
p N 220 sec,p n 220 sec,True,auto-syntax
p N 240 sec,p n 240 sec,True,auto-syntax
p N 260 sec,p n 260 sec,True,auto-syntax
p N 40 sec,p n 40 sec,True,auto-syntax
p N 60 sec,p n 60 sec,True,auto-syntax
p P4,p p4,True,auto-syntax
p PRENDRE ICI,p prendre ici,True,auto-syntax
p T3,p t3,True,auto-syntax
p T3 T5 P3 C3,p t3 t5 p3 c3,True,auto-syntax
p T5,p t5,True,auto-syntax
p USSE,p usse,True,auto-syntax
p VOIR !!!,p voir!,True,auto-syntax
p c pa,p c pa,False,unchanged
p ceil,p ceil,False,unchanged
p centro pa,p centro pa,False,unchanged
p charge rapide,p charge rapide,False,unchanged
p cz,p cz,False,unchanged
p d,p d,False,unchanged
p droite,p droite,False,unchanged
p droite oite?,p droite oite?,False,unchanged
p dt,p dt,False,unchanged
p dte,p dte,False,unchanged
p dte ?,p dte?,True,auto-syntax
p eil,p eil,False,unchanged
p es,p es,False,unchanged
p es D,p es d,True,auto-syntax
p es G,p es g,True,auto-syntax
p es es,p es es,False,unchanged
p este,p este,False,unchanged
p et OL,p et ol,True,auto-syntax
p et lent,p et lent,False,unchanged
p et ol,p et ol,False,unchanged
p etol,p etol,False,unchanged
p f4 c4 p4,p f4 c4 p4,False,unchanged
p f8,p f8,False,unchanged
p f8 tp10,p f8 tp10,False,unchanged
p f9,p f9,False,unchanged
p f9 tp9,p f9 tp9,False,unchanged
p frotte l'oreille gauche,p frotte l'oreille gauche,False,unchanged
p g,p g,False,unchanged
p g et d,p g et d,False,unchanged
p gauche,p gauche,False,unchanged
p hz,p hz,False,unchanged
p intes G,p intes g,True,auto-syntax
p ise,p ise,False,unchanged
p ise 7,p ise 7,False,unchanged
p lente g,p lente g,False,unchanged
p mais plutot gauche,p mais plutot gauche,False,unchanged
p malies,p malies,False,unchanged
p mps calme,p mps calme,False,unchanged
p n HPN,p n hpn,True,auto-syntax
p nge,p nge,False,unchanged
p nsation sur 2 phalanges main gauche,p nsation sur 2 phalanges main gauche,False,unchanged
p o,p o,False,unchanged
p occ,p occ,False,unchanged
p occ sommeil,p occ sommeil,False,unchanged
p occ?,p occ?,False,unchanged
p pas,p pas,False,unchanged
p pourlèche,p pourlèche,False,unchanged
p prendre ici,p prendre ici,False,unchanged
p regarder,p regarder,False,unchanged
p rythm,p rythm,False,unchanged
p rythmique,p rythmique,False,unchanged
p rythmiques,p rythmiques,False,unchanged
p rytmiques,p rytmiques,False,unchanged
p se souvient pas du mot a retenir,p se souvient pas du mot a retenir,False,unchanged
p st HPN 20 sec,p st hpn 20 sec,True,auto-syntax
p st HPN 60 sec,p st hpn 60 sec,True,auto-syntax
p ste lumière=>myoclonies ms+mi+visage,p ste lumière=>myoclonies ms+mi+visage,False,unchanged
p surtout sous P3O1,p surtout sous p3o1,True,auto-syntax
p t3,p t3,False,unchanged
p t3 c3 p3,p t3 c3 p3,False,unchanged
p t6,p t6,False,unchanged
p temporale G,p temporale g,True,auto-syntax
p ternal button,p ternal button,False,unchanged
p tivité rythmique,p tivité rythmique,False,unchanged
p tière utiliséé n°04-60,p tière utiliséé n°04 60,True,auto-syntax
p uffée de pointes,p uffée de pointes,False,unchanged
p ursuivre APD de ICI,p ursuivre apd de ici,True,auto-syntax
p uton patient 1,p uton patient 1,False,unchanged
p ux Ouverts,p ux ouverts,True,auto-syntax
p ux fermés,p ux fermés,False,unchanged
p ux fermés l G?,p ux fermés l g?,True,auto-syntax
p éveillée,p éveillée,False,unchanged
p!,p!,False,unchanged
p),p),False,unchanged
p*,p,True,auto-syntax
p3,p3,False,unchanged
p4 T6,p4 t6,True,auto-syntax
p?,p?,False,unchanged
p^P,pp,True,auto-syntax
paleur,paleur,False,unchanged
palpitation encore présente,palpitation encore présente,False,unchanged
papillonement des paupières,papillonement des paupières,False,unchanged
paralysée. diff. des crises. env 3/MOIS,paralysée. diff. des crises. env 3/mois,True,auto-syntax
paresth main D et lèvre D,paresth main d et lèvre d,True,auto-syntax
parle,parle,False,unchanged
parle N sec,parle n sec,True,auto-syntax
parle au tel,parle au tel,False,unchanged
parle au telephone,parle au telephone,False,unchanged
parle au téléphone,parle au téléphone,False,unchanged
parle dans sa langue,parle dans sa langue,False,unchanged
parle de sensation de crise,parle de sensation de crise,False,unchanged
parle en senti,parle en senti,False,unchanged
parle et prend son telephone,parle et prend son telephone,False,unchanged
parle fort,parle fort,False,unchanged
parle mais pas compréhensible,parle mais pas compréhensible,False,unchanged
parle mieux,parle mieux,False,unchanged
parle ras,parle ras,False,unchanged
paro,paro,False,unchanged
paroles fortes non mots,paroles fortes non mots,False,unchanged
paroxisme,paroxisme,False,unchanged
paroxysme,paroxysme,False,unchanged
paroxysme G,paroxysme g,True,auto-syntax
paroxysme droit,paroxysme droit,False,unchanged
paroxysme?,paroxysme?,False,unchanged
pas d'arret de l'activté sur son portab,pas d'arret de l'activté sur son portab,False,unchanged
pas d'arret du mvt ni de l'hpn,pas d'arret du mvt ni de l'hpn,False,unchanged
pas d'arrêt de l'activité,pas d'arrêt de l'activité,False,unchanged
pas d'asymétrie faciale évidente,pas d'asymétrie faciale évidente,False,unchanged
pas d'habitude de tremblement ne l'a,pas d'habitude de tremblement ne l'a,False,unchanged
pas de PF,pas de pf,True,auto-syntax
pas de clignement à la menace,pas de clignement à la menace,False,unchanged
pas de contact visuel,pas de contact visuel,False,unchanged
pas de difficulté à lire,pas de difficulté à lire,False,unchanged
pas de douleur,pas de douleur,False,unchanged
pas de perte de sensation dans les doig,pas de perte de sensation dans les doig,False,unchanged
pas de perte sensitive des membres e,pas de perte sensitive des membres e,False,unchanged
pas de rupture de contact,pas de rupture de contact,False,unchanged
pas de réaction,pas de réaction,False,unchanged
pas de réponse,pas de réponse,False,unchanged
pas de réponse de la patiente,pas de réponse de la patiente,False,unchanged
pas de sensation,pas de sensation,False,unchanged
pas de sensation au nivau cardiaque,pas de sensation au nivau cardiaque,False,unchanged
pas de sensations,pas de sensations,False,unchanged
pas de son,pas de son,False,unchanged
pas de souvenir de la crise,pas de souvenir de la crise,False,unchanged
passage de Roukia (30 min environ),passage de roukia (30 min environ),True,auto-syntax
passage de l'ément,passage de l'ément,False,unchanged
passage en sommeil paradoxal,passage en sommeil paradoxal,False,unchanged
passage ide,passage ide,False,unchanged
passage infirmière,passage infirmière,False,unchanged
patient a signale la sensation de fatig,patient a signale la sensation de fatig,False,unchanged
patiente hors champs caméra,patiente hors champs caméra,False,unchanged
patiente ne répond pas,patiente ne répond pas,False,unchanged
pc3,pc3,False,unchanged
pd,pd,False,unchanged
pd et g,pd et g,False,unchanged
pd f8 f10,pd f8 f10,False,unchanged
"pe MI engourdis, pas certain","pe mi engourdis, pas certain",True,auto-syntax
peitite secousse MIG,peitite secousse mig,True,auto-syntax
penchée en avant dans le lit,penchée en avant dans le lit,False,unchanged
pense que les sensations dans les jbes,pense que les sensations dans les jbes,False,unchanged
perplexe et cligne des yeux.,perplexe et cligne des yeux.,False,unchanged
persistance chaleur céphalique,persistance chaleur céphalique,False,unchanged
persistance de sensation,persistance de sensation,False,unchanged
persistance des yeux déviés vers la droi,persistance des yeux déviés vers la droi,False,unchanged
petit balancement du tronc,petit balancement du tronc,False,unchanged
petit dej,petit dej,False,unchanged
petit dejeuner,petit dejeuner,False,unchanged
petit déjeuner,petit déjeuner,False,unchanged
petit mvt,petit mvt,False,unchanged
petit paroxysme,petit paroxysme,False,unchanged
petit sursaut,petit sursaut,False,unchanged
petit tremblement pouce gauche stt,petit tremblement pouce gauche stt,False,unchanged
petite accélération du pouls,petite accélération du pouls,False,unchanged
petite chute,petite chute,False,unchanged
petite contraction,petite contraction,False,unchanged
petite decharge,petite decharge,False,unchanged
petite decharge coté dt selon patient,petite decharge coté dt selon patient,False,unchanged
petite décharge rythmique,petite décharge rythmique,False,unchanged
petite pointe ryh,petite pointe ryh,False,unchanged
petite pointe rythmique T3 T5 P3,petite pointe rythmique t3 t5 p3,True,auto-syntax
petite reprise rythme fond P4O2,petite reprise rythme fond p4o2,True,auto-syntax
petite secousse,petite secousse,False,unchanged
petite sensation de chaleur,petite sensation de chaleur,False,unchanged
peur de la crise,peur de la crise,False,unchanged
pf10,pf10,False,unchanged
pf7,pf7,False,unchanged
pf7 t3 f9,pf7 t3 f9,False,unchanged
pf7-9,pf7 9,True,auto-syntax
pf8,pf8,False,unchanged
pf9,pf9,False,unchanged
pfs difficile articulation,pfs difficile articulation,False,unchanged
pg,pg,False,unchanged
pg?,pg?,False,unchanged
photophobie,photophobie,False,unchanged
pianote sur son portable,pianote sur son portable,False,unchanged
picotements,picotements,False,unchanged
picotements au niveau des 2 1ers doigts,picotements au niveau des 2 1ers doigts,False,unchanged
picotements tout le visage,picotements tout le visage,False,unchanged
picottements et sensa parésie,picottements et sensa parésie,False,unchanged
pied chaud,pied chaud,False,unchanged
piontes vertex,piontes vertex,False,unchanged
pl,pl,False,unchanged
planche d'image ok,planche d'image ok,False,unchanged
pleure,pleure,False,unchanged
pleure es MID,pleure es mid,True,auto-syntax
pleure palbebrales,pleure palbebrales,False,unchanged
plis les jambes,plis les jambes,False,unchanged
plisse le front,plisse le front,False,unchanged
plus de douleur droite,plus de douleur droite,False,unchanged
plus de douleurs bas du dos/reins,plus de douleurs bas du dos/reins,False,unchanged
plus de scintillement,plus de scintillement,False,unchanged
plus de sensation,plus de sensation,False,unchanged
plus de sensation de chaleur mbres,plus de sensation de chaleur mbres,False,unchanged
plus de spasme,plus de spasme,False,unchanged
plus fort tempe G,plus fort tempe g,True,auto-syntax
plus la gche que la droit,plus la gche que la droit,False,unchanged
plus lent post G,plus lent post g,True,auto-syntax
plus lent sur le vertex et en ant D,plus lent sur le vertex et en ant d,True,auto-syntax
plus lent à droite,plus lent à droite,False,unchanged
plus rien dans mains et cuisse,plus rien dans mains et cuisse,False,unchanged
plus ryhtmique en o2?,plus ryhtmique en o2?,False,unchanged
plus scintillement,plus scintillement,False,unchanged
pm,pm,False,unchanged
po,po,False,unchanged
po + ppo,po + ppo,False,unchanged
po 120 sec,po 120 sec,False,unchanged
po G?,po g?,True,auto-syntax
po lentes,po lentes,False,unchanged
po?,po?,False,unchanged
pog,pog,False,unchanged
poids fixe,poids fixe,False,unchanged
poids sur l'estomac,poids sur l'estomac,False,unchanged
poids sur la langue disparu,poids sur la langue disparu,False,unchanged
poines,poines,False,unchanged
poing dt sérré,poing dt sérré,False,unchanged
point noir en bas de l' oeil G,point noir en bas de l' oeil g,True,auto-syntax
pointe,pointe,False,unchanged
pointe CT G,pointe ct g,True,auto-syntax
pointe D,pointe d,True,auto-syntax
pointe F7 T3,pointe f7 t3,True,auto-syntax
pointe F7?,pointe f7?,True,auto-syntax
pointe F9 TP9,pointe f9 tp9,True,auto-syntax
pointe F9 Tp9 F7 T3,pointe f9 tp9 f7 t3,True,auto-syntax
pointe FG,pointe fg,True,auto-syntax
pointe G,pointe g,True,auto-syntax
pointe ample,pointe ample,False,unchanged
pointe asynchrones,pointe asynchrones,False,unchanged
pointe belle,pointe belle,False,unchanged
pointe diffuse,pointe diffuse,False,unchanged
pointe droite,pointe droite,False,unchanged
pointe droite?,pointe droite?,False,unchanged
pointe dte,pointe dte,False,unchanged
pointe gauche,pointe gauche,False,unchanged
pointe gauche longue durée,pointe gauche longue durée,False,unchanged
pointe gauche ras clinique,pointe gauche ras clinique,False,unchanged
pointe gauche rythmique?,pointe gauche rythmique?,False,unchanged
pointe lente,pointe lente,False,unchanged
pointe lente gauche,pointe lente gauche,False,unchanged
pointe médiane?,pointe médiane?,False,unchanged
pointe ou artefact sru T5?,pointe ou artefact sru t5?,True,auto-syntax
pointe petite rythmique?,pointe petite rythmique?,False,unchanged
pointe plus localisée G,pointe plus localisée g,True,auto-syntax
pointe rythmique,pointe rythmique,False,unchanged
pointe rythmique gauche,pointe rythmique gauche,False,unchanged
pointe rythmique?,pointe rythmique?,False,unchanged
pointe sur T5?,pointe sur t5?,True,auto-syntax
pointe temp g,pointe temp g,False,unchanged
pointe temporale droite,pointe temporale droite,False,unchanged
pointe temporale gauche ?? artefact??,pointe temporale gauche? artefact?,True,auto-syntax
pointe tres amples,pointe tres amples,False,unchanged
pointe vertex,pointe vertex,False,unchanged
pointe vertex lentes,pointe vertex lentes,False,unchanged
pointe vertex?,pointe vertex?,False,unchanged
pointe vertex???,pointe vertex?,True,auto-syntax
pointe-onde G?,pointe onde g?,True,auto-syntax
pointe?,pointe?,False,unchanged
pointeG,pointeg,True,auto-syntax
pointers G,pointers g,True,auto-syntax
pointes,pointes,False,unchanged
pointes (morpho étonnante pour vertex),pointes (morpho étonnante pour vertex),False,unchanged
pointes +++,pointes +,True,auto-syntax
pointes 20 sec,pointes 20 sec,False,unchanged
pointes ?,pointes?,True,auto-syntax
pointes ASYNCHRONES,pointes asynchrones,True,auto-syntax
pointes D,pointes d,True,auto-syntax
pointes D ?,pointes d?,True,auto-syntax
pointes D et G,pointes d et g,True,auto-syntax
pointes D et bilatérales,pointes d et bilatérales,True,auto-syntax
pointes D ient 1,pointes d ient 1,True,auto-syntax
pointes D ryth,pointes d ryth,True,auto-syntax
"pointes D,","pointes d,",True,auto-syntax
pointes F D,pointes f d,True,auto-syntax
pointes FC G,pointes fc g,True,auto-syntax
pointes FD,pointes fd,True,auto-syntax
pointes FP1F7 T501,pointes fp1f7 t501,True,auto-syntax
pointes G,pointes g,True,auto-syntax
pointes G 1 + TP9,pointes g 1 + tp9,True,auto-syntax
pointes G ant?,pointes g ant?,True,auto-syntax
pointes G et D asynchrones,pointes g et d asynchrones,True,auto-syntax
pointes G ient 1,pointes g ient 1,True,auto-syntax
pointes G ryth,pointes g ryth,True,auto-syntax
pointes G thmiques D,pointes g thmiques d,True,auto-syntax
pointes G*,pointes g,True,auto-syntax
pointes Gauches,pointes gauches,True,auto-syntax
pointes K,pointes k,True,auto-syntax
pointes N,pointes n,True,auto-syntax
pointes Occi D,pointes occi d,True,auto-syntax
pointes TG,pointes tg,True,auto-syntax
pointes V?,pointes v?,True,auto-syntax
pointes arriere droit cervicale,pointes arriere droit cervicale,False,unchanged
pointes asyn,pointes asyn,False,unchanged
pointes asyncchrones,pointes asyncchrones,False,unchanged
pointes asynch,pointes asynch,False,unchanged
pointes asynchrones,pointes asynchrones,False,unchanged
pointes atient 1,pointes atient 1,False,unchanged
pointes atient 2,pointes atient 2,False,unchanged
pointes bilaterales,pointes bilaterales,False,unchanged
pointes bilatérales,pointes bilatérales,False,unchanged
pointes bilatérales asyn,pointes bilatérales asyn,False,unchanged
pointes d,pointes d,False,unchanged
pointes de pointes,pointes de pointes,False,unchanged
pointes diffuses,pointes diffuses,False,unchanged
pointes doites,pointes doites,False,unchanged
pointes droites,pointes droites,False,unchanged
pointes e,pointes e,False,unchanged
pointes e pointes,pointes e pointes,False,unchanged
pointes ec,pointes ec,False,unchanged
pointes en opp phase F7,pointes en opp phase f7,True,auto-syntax
pointes en opposition d ephase en f7,pointes en opposition d ephase en f7,False,unchanged
pointes en opposition de phase,pointes en opposition de phase,False,unchanged
pointes en pallissade?,pointes en pallissade?,False,unchanged
pointes frontales,pointes frontales,False,unchanged
pointes frontales gauches,pointes frontales gauches,False,unchanged
pointes fronto-temporales,pointes fronto temporales,True,auto-syntax
pointes g,pointes g,False,unchanged
pointes g c al g,pointes g c al g,False,unchanged
pointes g oites,pointes g oites,False,unchanged
pointes gauches,pointes gauches,False,unchanged
pointes interC vertex,pointes interc vertex,True,auto-syntax
pointes joréesà G,pointes joréesà g,True,auto-syntax
pointes le coude G,pointes le coude g,True,auto-syntax
pointes lentes,pointes lentes,False,unchanged
pointes lentes CT G,pointes lentes ct g,True,auto-syntax
pointes lentes gauches?,pointes lentes gauches?,False,unchanged
pointes lentes pseudopériodiques,pointes lentes pseudopériodiques,False,unchanged
pointes occip D,pointes occip d,True,auto-syntax
pointes ondes,pointes ondes,False,unchanged
pointes ou cardio,pointes ou cardio,False,unchanged
pointes ou plus amples?,pointes ou plus amples?,False,unchanged
pointes post bialtérales,pointes post bialtérales,False,unchanged
pointes post g,pointes post g,False,unchanged
pointes pseudopériodiques,pointes pseudopériodiques,False,unchanged
pointes r,pointes r,False,unchanged
pointes r d,pointes r d,False,unchanged
pointes rapides,pointes rapides,False,unchanged
pointes ryhmiques,pointes ryhmiques,False,unchanged
pointes ryth D,pointes ryth d,True,auto-syntax
pointes rythm D,pointes rythm d,True,auto-syntax
pointes rythmiques,pointes rythmiques,False,unchanged
pointes rythmiques D,pointes rythmiques d,True,auto-syntax
pointes rythmiques G,pointes rythmiques g,True,auto-syntax
pointes rythmiques bilatérales,pointes rythmiques bilatérales,False,unchanged
pointes rythmiques droites,pointes rythmiques droites,False,unchanged
pointes rytmiqus,pointes rytmiqus,False,unchanged
pointes s,pointes s,False,unchanged
pointes s G,pointes s g,True,auto-syntax
pointes sa crise à l'infirmière,pointes sa crise à l'infirmière,False,unchanged
pointes semnt,pointes semnt,False,unchanged
pointes temp g,pointes temp g,False,unchanged
pointes temporales G?,pointes temporales g?,True,auto-syntax
pointes temporales d,pointes temporales d,False,unchanged
pointes temporales droites,pointes temporales droites,False,unchanged
pointes temporales gauches,pointes temporales gauches,False,unchanged
pointes tg,pointes tg,False,unchanged
pointes vertex,pointes vertex,False,unchanged
pointes vertex et Lent + à D?,pointes vertex et lent + à d?,True,auto-syntax
pointes vertex ou OL aigues G?,pointes vertex ou ol aigues g?,True,auto-syntax
pointes vertex ou anomalie????,pointes vertex ou anomalie?,True,auto-syntax
pointes vertex?,pointes vertex?,False,unchanged
pointes vertex???,pointes vertex?,True,auto-syntax
pointes à D,pointes à d,True,auto-syntax
pointes+,pointes+,False,unchanged
pointes++,pointes+,True,auto-syntax
pointes?,pointes?,False,unchanged
pointesG,pointesg,True,auto-syntax
pointesg,pointesg,False,unchanged
pointrs D,pointrs d,True,auto-syntax
points,points,False,unchanged
points lumineux OD,points lumineux od,True,auto-syntax
pointu F7 mais artefact ++,pointu f7 mais artefact +,True,auto-syntax
pointyes,pointyes,False,unchanged
poinytes,poinytes,False,unchanged
poite ample f7 t3 f9,poite ample f7 t3 f9,False,unchanged
poites,poites,False,unchanged
poitne rythmique gauche,poitne rythmique gauche,False,unchanged
poiuntes,poiuntes,False,unchanged
poly-pointes,poly pointes,True,auto-syntax
polypointe,polypointe,False,unchanged
polypointes,polypointes,False,unchanged
polypointes diffuses,polypointes diffuses,False,unchanged
polypointes décharge,polypointes décharge,False,unchanged
polypointes?,polypointes?,False,unchanged
portable tjs pres d elle,portable tjs pres d elle,False,unchanged
porte la main gauche au visage,porte la main gauche au visage,False,unchanged
porte la main gauche à sa bouche,porte la main gauche à sa bouche,False,unchanged
porte qui claque,porte qui claque,False,unchanged
portoble ok,portoble ok,False,unchanged
pose du saturometre,pose du saturometre,False,unchanged
pose saturometre,pose saturometre,False,unchanged
pose son téléphone,pose son téléphone,False,unchanged
possible pointe G?,possible pointe g?,True,auto-syntax
possible sursaut,possible sursaut,False,unchanged
post,post,False,unchanged
post HPN,post hpn,True,auto-syntax
post critique,post critique,False,unchanged
post critique voir OL temporal ant G,post critique voir ol temporal ant g,True,auto-syntax
post?,post?,False,unchanged
postcritique,postcritique,False,unchanged
posture tonique en élévation abduction,posture tonique en élévation abduction,False,unchanged
postérieur,postérieur,False,unchanged
pourléchage s,pourléchage s,False,unchanged
"poursuit mvt des mains, coté automatiqu","poursuit mvt des mains, coté automatiqu",False,unchanged
poursuite interrogatoire,poursuite interrogatoire,False,unchanged
pp,pp,False,unchanged
ppintes,ppintes,False,unchanged
ppintes rythmiquess D,ppintes rythmiquess d,True,auto-syntax
ppo,ppo,False,unchanged
ppointes G,ppointes g,True,auto-syntax
ppp,ppp,False,unchanged
ppô,ppô,False,unchanged
prend l'alarme dans ses mains,prend l'alarme dans ses mains,False,unchanged
prend le stylo,prend le stylo,False,unchanged
prend un pull,prend un pull,False,unchanged
prise de buccolam,prise de buccolam,False,unchanged
prise de médicament,prise de médicament,False,unchanged
prise de paramètre,prise de paramètre,False,unchanged
prise de paramètres,prise de paramètres,False,unchanged
prise de sang,prise de sang,False,unchanged
prise des paramètres,prise des paramètres,False,unchanged
probable début clinique,probable début clinique,False,unchanged
probables pointes vertex,probables pointes vertex,False,unchanged
propos inchoérents,propos inchoérents,False,unchanged
propos incohérents,propos incohérents,False,unchanged
propos inconhérents e,propos inconhérents e,False,unchanged
prpos incohérents,prpos incohérents,False,unchanged
prédom D,prédom d,True,auto-syntax
prédomiance F4,prédomiance f4,True,auto-syntax
prédomiannce frontale bilat,prédomiannce frontale bilat,False,unchanged
prédominance D,prédominance d,True,auto-syntax
prédominance droite,prédominance droite,False,unchanged
prédominance droite?,prédominance droite?,False,unchanged
prédominance gauche xxx,prédominance gauche xxx,False,unchanged
prédominance post,prédominance post,False,unchanged
prédomine à Droite,prédomine à droite,True,auto-syntax
prédomine/débute à G,prédomine/débute à g,True,auto-syntax
prédominent à D-->,prédominent à d >,True,auto-syntax
prédominent à G,prédominent à g,True,auto-syntax
préence de l'IDE,préence de l'ide,True,auto-syntax
prénom ok,prénom ok,False,unchanged
préviens IDE,préviens ide,True,auto-syntax
prévient,prévient,False,unchanged
pt,pt,False,unchanged
pt Dt,pt dt,True,auto-syntax
pt G,pt g,True,auto-syntax
pt Occ G?,pt occ g?,True,auto-syntax
pt dt,pt dt,False,unchanged
pt dte,pt dte,False,unchanged
pt gauches,pt gauches,False,unchanged
pt occipital G,pt occipital g,True,auto-syntax
pt occipitale,pt occipitale,False,unchanged
pt occipitales,pt occipitales,False,unchanged
pt post dt,pt post dt,False,unchanged
pt temp Dt périodiques,pt temp dt périodiques,True,auto-syntax
pt temp droites périodiques,pt temp droites périodiques,False,unchanged
pt3,pt3,False,unchanged
pt4,pt4,False,unchanged
ptd,ptd,False,unchanged
ptd et ptg,ptd et ptg,False,unchanged
pte,pte,False,unchanged
pte D,pte d,True,auto-syntax
pte Dte,pte dte,True,auto-syntax
pte G,pte g,True,auto-syntax
pte dt,pte dt,False,unchanged
pte dte,pte dte,False,unchanged
pte occipitale G,pte occipitale g,True,auto-syntax
pte temporale dte,pte temporale dte,False,unchanged
pte vertex,pte vertex,False,unchanged
ptes,ptes,False,unchanged
ptes 20 sec,ptes 20 sec,False,unchanged
ptes ?,ptes?,True,auto-syntax
ptes D,ptes d,True,auto-syntax
ptes D ?,ptes d?,True,auto-syntax
ptes D laterales,ptes d laterales,True,auto-syntax
ptes G,ptes g,True,auto-syntax
ptes asynch,ptes asynch,False,unchanged
ptes asynchrones,ptes asynchrones,False,unchanged
ptes asyncones,ptes asyncones,False,unchanged
ptes bilaterales,ptes bilaterales,False,unchanged
ptes d,ptes d,False,unchanged
ptes d et G,ptes d et g,True,auto-syntax
ptes droites,ptes droites,False,unchanged
ptes es,ptes es,False,unchanged
ptes es G,ptes es g,True,auto-syntax
ptes es asyn,ptes es asyn,False,unchanged
ptes et RR en frontal droit et vertex,ptes et rr en frontal droit et vertex,True,auto-syntax
ptes g,ptes g,False,unchanged
ptes ryth D,ptes ryth d,True,auto-syntax
ptes rythm D,ptes rythm d,True,auto-syntax
ptes rythmiques,ptes rythmiques,False,unchanged
ptes rythmiques D,ptes rythmiques d,True,auto-syntax
ptes?,ptes?,False,unchanged
ptfd,ptfd,False,unchanged
ptfg,ptfg,False,unchanged
ptg,ptg,False,unchanged
ptg et d,ptg et d,False,unchanged
puis elle pleure,puis elle pleure,False,unchanged
puis gauche et le corps,puis gauche et le corps,False,unchanged
puis point remonte en haut oeil G,puis point remonte en haut oeil g,True,auto-syntax
puis répond Sainte Anne,puis répond sainte anne,True,auto-syntax
pulsation dans la tête,pulsation dans la tête,False,unchanged
pv,pv,False,unchanged
"pyuis ""genre d'absence""","pyuis ""genre d'absence""",False,unchanged
pz,pz,False,unchanged
pz O2,pz o2,True,auto-syntax
pz verifiée,pz verifiée,False,unchanged
pâleur et moiteur des mains,pâleur et moiteur des mains,False,unchanged
pârle,pârle,False,unchanged
pédalage,pédalage,False,unchanged
"pédalage, se repositionne, marmonne","pédalage, se repositionne, marmonne",False,unchanged
pétites P Périodiques?,pétites p périodiques?,True,auto-syntax
qq OL,qq ol,True,auto-syntax
qu'elle n'arrivait plus à respirer,qu'elle n'arrivait plus à respirer,False,unchanged
quand en parle: diminution sensation,quand en parle: diminution sensation,False,unchanged
"quand l'alarme infi bip: ""ca monte"".","quand l'alarme infi bip: ""ca monte"".",False,unchanged
quasi périodique ???,quasi périodique?,True,auto-syntax
que a droite,que a droite,False,unchanged
que le patient décrit,que le patient décrit,False,unchanged
que précédemment mais plus intense que,que précédemment mais plus intense que,False,unchanged
quelques automatismes de la main gauche,quelques automatismes de la main gauche,False,unchanged
quelques clonies de la joue droite,quelques clonies de la joue droite,False,unchanged
quelques ondes lentes,quelques ondes lentes,False,unchanged
qui sont révulsés,qui sont révulsés,False,unchanged
quid ligne médiane?,quid ligne médiane?,False,unchanged
quid pariétal x2?,quid pariétal x2?,False,unchanged
quid région postérieure?????,quid région postérieure?,True,auto-syntax
r,r,False,unchanged
r?,r?,False,unchanged
racle la gorge,racle la gorge,False,unchanged
ralentissement,ralentissement,False,unchanged
ralentissement stt ligne med et G,ralentissement stt ligne med et g,True,auto-syntax
ralentissement?,ralentissement?,False,unchanged
rapide,rapide,False,unchanged
rapide contraction bouche à G,rapide contraction bouche à g,True,auto-syntax
rapporte par la suite qu'elle ne,rapporte par la suite qu'elle ne,False,unchanged
ras,ras,False,unchanged
ras 200 sec,ras 200 sec,False,unchanged
ras 220 sec,ras 220 sec,False,unchanged
ras HPN 60 sec,ras hpn 60 sec,True,auto-syntax
ras HPN sec,ras hpn sec,True,auto-syntax
ras bouge,ras bouge,False,unchanged
ras clinique,ras clinique,False,unchanged
ras clinique.,ras clinique.,False,unchanged
ras cliniqueement,ras cliniqueement,False,unchanged
ras cliniquement,ras cliniquement,False,unchanged
ras cliniquement activté sur son portab,ras cliniquement activté sur son portab,False,unchanged
ras cliniquement rythmiques,ras cliniquement rythmiques,False,unchanged
ras cliniquement se?,ras cliniquement se?,False,unchanged
ras compte,ras compte,False,unchanged
ras d'évident cliniquement,ras d'évident cliniquement,False,unchanged
ras d'évident niveau clinique,ras d'évident niveau clinique,False,unchanged
ras denomme,ras denomme,False,unchanged
ras denomme compte,ras denomme compte,False,unchanged
ras dort,ras dort,False,unchanged
ras eveil,ras eveil,False,unchanged
ras juste génée par le filet,ras juste génée par le filet,False,unchanged
ras l,ras l,False,unchanged
ras pas de fourmillement,ras pas de fourmillement,False,unchanged
ras repond,ras repond,False,unchanged
ras répond,ras répond,False,unchanged
ras réponds,ras réponds,False,unchanged
ras s étire,ras s étire,False,unchanged
ras t de crise?,ras t de crise?,False,unchanged
ras évident cliniquement,ras évident cliniquement,False,unchanged
re,re,False,unchanged
re réveille,re réveille,False,unchanged
recommence mvt main,recommence mvt main,False,unchanged
reconnaissance des lieux,reconnaissance des lieux,False,unchanged
redisparait,redisparait,False,unchanged
redors,redors,False,unchanged
regard ds le vague,regard ds le vague,False,unchanged
regard figé,regard figé,False,unchanged
regard fixe,regard fixe,False,unchanged
regard fixe et arret activité,regard fixe et arret activité,False,unchanged
regard hagard,regard hagard,False,unchanged
"regard toujours fixe, ne parle pas","regard toujours fixe, ne parle pas",False,unchanged
regarde dans tous les sens,regarde dans tous les sens,False,unchanged
regarde en l'air début de crise,regarde en l'air début de crise,False,unchanged
regarde la TV,regarde la tv,True,auto-syntax
regarde la tv,regarde la tv,False,unchanged
regarde la télé,regarde la télé,False,unchanged
regarde ongles. Rien clinique évide,regarde ongles. rien clinique évide,True,auto-syntax
regarde sa montre,regarde sa montre,False,unchanged
regarde son téléphone,regarde son téléphone,False,unchanged
regarde tv,regarde tv,False,unchanged
regarde vers la gauche,regarde vers la gauche,False,unchanged
regarde à droite,regarde à droite,False,unchanged
remise au lit,remise au lit,False,unchanged
remonte le lit,remonte le lit,False,unchanged
remonte le lit : automatisme?,remonte le lit: automatisme?,True,auto-syntax
remue la tête,remue la tête,False,unchanged
remue les MI,remue les mi,True,auto-syntax
renifle,renifle,False,unchanged
renomme mot correctement,renomme mot correctement,False,unchanged
"reotur en chambre, est assis dans le lit","reotur en chambre, est assis dans le lit",False,unchanged
repas,repas,False,unchanged
repas RE ICI,repas re ici,True,auto-syntax
repete mot,repete mot,False,unchanged
replie les cuisse sur torse,replie les cuisse sur torse,False,unchanged
repond,repond,False,unchanged
"repond ""oui""","repond ""oui""",False,unchanged
repond ras,repond ras,False,unchanged
repond ras ent 1,repond ras ent 1,False,unchanged
repond toujours lorsqu'on lui parle,repond toujours lorsqu'on lui parle,False,unchanged
"repond, pas de sensation","repond, pas de sensation",False,unchanged
repos,repos,False,unchanged
repositionne l'alarme,repositionne l'alarme,False,unchanged
repositionne l'oreiller,repositionne l'oreiller,False,unchanged
repositionne la couverture,repositionne la couverture,False,unchanged
reprend contact,reprend contact,False,unchanged
reprend son activité,reprend son activité,False,unchanged
reprendre ici,reprendre ici,False,unchanged
reprise,reprise,False,unchanged
reprise activit sur son portable,reprise activit sur son portable,False,unchanged
reprise activité,reprise activité,False,unchanged
reprise anomalies IC ici?,reprise anomalies ic ici?,True,auto-syntax
reprise de l'activité,reprise de l'activité,False,unchanged
reprise de la parole,reprise de la parole,False,unchanged
reprise de mouvements,reprise de mouvements,False,unchanged
reprise language normal montrés,reprise language normal montrés,False,unchanged
reprise mvt,reprise mvt,False,unchanged
reprise tapping,reprise tapping,False,unchanged
resent une aura,resent une aura,False,unchanged
resonne,resonne,False,unchanged
respiration stertoreuse,respiration stertoreuse,False,unchanged
ressent des battements + forts,ressent des battements + forts,False,unchanged
ressent début de crise,ressent début de crise,False,unchanged
ressent le mal g,ressent le mal g,False,unchanged
ressent picotements dans les orteils,ressent picotements dans les orteils,False,unchanged
ressent un début de crise,ressent un début de crise,False,unchanged
ressent une absence,ressent une absence,False,unchanged
ressent une odeur artificiel,ressent une odeur artificiel,False,unchanged
reste déviée à droite,reste déviée à droite,False,unchanged
restitue le mot,restitue le mot,False,unchanged
retiens le mot montre,retiens le mot montre,False,unchanged
retient ses larmes,retient ses larmes,False,unchanged
retire le filet et quelques electrodes,retire le filet et quelques electrodes,False,unchanged
retombe en arriere sur le mlit,retombe en arriere sur le mlit,False,unchanged
retour à l'état habituel,retour à l'état habituel,False,unchanged
retrouve la date du jour,retrouve la date du jour,False,unchanged
retrouve le nom de l'hopital,retrouve le nom de l'hopital,False,unchanged
revail,revail,False,unchanged
reveil,reveil,False,unchanged
reveil et se tourne,reveil et se tourne,False,unchanged
reveil patient 2,reveil patient 2,False,unchanged
reveil revoir,reveil revoir,False,unchanged
reveil te le nez,reveil te le nez,False,unchanged
reveil?,reveil?,False,unchanged
reviens à elle,reviens à elle,False,unchanged
revient dans le champ,revient dans le champ,False,unchanged
"revient dans le champ, manipule les fil","revient dans le champ, manipule les fil",False,unchanged
reviur,reviur,False,unchanged
revoir,revoir,False,unchanged
revoir P3,revoir p3,True,auto-syntax
revoir droite,revoir droite,False,unchanged
revoir f7 f9,revoir f7 f9,False,unchanged
revoir pointe,revoir pointe,False,unchanged
revoir pointe droite,revoir pointe droite,False,unchanged
revoir pointe et RR*?,revoir pointe et rr?,True,auto-syntax
revoir pointe rythmique droite ou vertex,revoir pointe rythmique droite ou vertex,False,unchanged
revoir pointe vertex?,revoir pointe vertex?,False,unchanged
revoir ras,revoir ras,False,unchanged
"revoir, ertéfact?","revoir, ertéfact?",False,unchanged
revouir,revouir,False,unchanged
revulsion,revulsion,False,unchanged
revulsion oculaire,revulsion oculaire,False,unchanged
rgard figé,rgard figé,False,unchanged
ri,ri,False,unchanged
rictus,rictus,False,unchanged
rien d'évident au niveau clinique,rien d'évident au niveau clinique,False,unchanged
rien d'évident cliniquement,rien d'évident cliniquement,False,unchanged
rigole,rigole,False,unchanged
rigole avec l'infirmière,rigole avec l'infirmière,False,unchanged
rigole issance des lieux,rigole issance des lieux,False,unchanged
rire,rire,False,unchanged
rire imotivé,rire imotivé,False,unchanged
rit,rit,False,unchanged
rivotril iv 1 mg,rivotril iv 1 mg,False,unchanged
ronfle,ronfle,False,unchanged
rotation tête à g,rotation tête à g,False,unchanged
rr,rr,False,unchanged
rr frontal g,rr frontal g,False,unchanged
rr g>D,rr g>d,True,auto-syntax
rr ton patient 1,rr ton patient 1,False,unchanged
rr$,rr,True,auto-syntax
rr+p,rr+p,False,unchanged
rr?,rr?,False,unchanged
rr? e,rr? e,False,unchanged
rtepond ras,rtepond ras,False,unchanged
rubéfaction,rubéfaction,False,unchanged
rupture de contact,rupture de contact,False,unchanged
rupture du contact,rupture du contact,False,unchanged
rythme de fond bien visible,rythme de fond bien visible,False,unchanged
rythme de fond?,rythme de fond?,False,unchanged
rythmes rapides,rythmes rapides,False,unchanged
rythmes rapides Cz,rythmes rapides cz,True,auto-syntax
rythmes rapides?,rythmes rapides?,False,unchanged
rythmes rapides?C3P3 et F7F9?,rythmes rapides?c3p3 et f7f9?,True,auto-syntax
rythmique en temporal gauche?,rythmique en temporal gauche?,False,unchanged
rythmiques,rythmiques,False,unchanged
râle,râle,False,unchanged
râle 3,râle 3,False,unchanged
râle 8,râle 8,False,unchanged
râle 9,râle 9,False,unchanged
râle sse MSD,râle sse msd,True,auto-syntax
râles,râles,False,unchanged
région pariétale: quid?,région pariétale: quid?,False,unchanged
réond a son telephone,réond a son telephone,False,unchanged
répnd,répnd,False,unchanged
répond,répond,False,unchanged
"répond ""NON""","répond ""non""",True,auto-syntax
répond au téléphone,répond au téléphone,False,unchanged
répond aux ordres simples,répond aux ordres simples,False,unchanged
répond ca va,répond ca va,False,unchanged
répond et execute ordre simple,répond et execute ordre simple,False,unchanged
répond oui,répond oui,False,unchanged
répond ras,répond ras,False,unchanged
répond à l'IDE,répond à l'ide,True,auto-syntax
répond à l'appel de son nom,répond à l'appel de son nom,False,unchanged
répond à sa mére,répond à sa mére,False,unchanged
répond à son ami,répond à son ami,False,unchanged
réponse ordre simples,réponse ordre simples,False,unchanged
réussi a dénommer et désigner des objet,réussi a dénommer et désigner des objet,False,unchanged
réussi a trouvé l'année,réussi a trouvé l'année,False,unchanged
réveil,réveil,False,unchanged
réveil D,réveil d,True,auto-syntax
réveil d,réveil d,False,unchanged
réveil e crise,réveil e crise,False,unchanged
réveil es,réveil es,False,unchanged
réveil ie,réveil ie,False,unchanged
réveil patient 1,réveil patient 1,False,unchanged
réveil te,réveil te,False,unchanged
réveil te le nez,réveil te le nez,False,unchanged
réveil à voir,réveil à voir,False,unchanged
réveil éveil,réveil éveil,False,unchanged
réveil éveil?crise?,réveil éveil?crise?,False,unchanged
réveil+myoclonies,réveil+myoclonies,False,unchanged
réveil?,réveil?,False,unchanged
réveillé par l'IDE,réveillé par l'ide,True,auto-syntax
réveillé par l'alarme,réveillé par l'alarme,False,unchanged
réveillée,réveillée,False,unchanged
réveillée par AS,réveillée par as,True,auto-syntax
réveillée par IDE,réveillée par ide,True,auto-syntax
"réveillée par i,terne","réveillée par i,terne",False,unchanged
réveillée par l'AS,réveillée par l'as,True,auto-syntax
réveillée par l'ide,réveillée par l'ide,False,unchanged
réveillée par l'infirmière,réveillée par l'infirmière,False,unchanged
réveillée prise de sang,réveillée prise de sang,False,unchanged
réveilée,réveilée,False,unchanged
révulsion,révulsion,False,unchanged
révulsion oculaire?,révulsion oculaire?,False,unchanged
révéil,révéil,False,unchanged
s 'endort,s 'endort,False,unchanged
s 'étire,s 'étire,False,unchanged
s endort,s endort,False,unchanged
s etire,s etire,False,unchanged
s étire,s étire,False,unchanged
s'assoit,s'assoit,False,unchanged
s'assoupit,s'assoupit,False,unchanged
s'endort,s'endort,False,unchanged
s'est sentie oppressée d'un seul coup,s'est sentie oppressée d'un seul coup,False,unchanged
s'etire,s'etire,False,unchanged
s'installe pour la sieste,s'installe pour la sieste,False,unchanged
s'étire,s'étire,False,unchanged
s'étire et se retourne,s'étire et se retourne,False,unchanged
s'étire juste?,s'étire juste?,False,unchanged
sa copine dans le 16eme,sa copine dans le 16eme,False,unchanged
sa maman note de regarder la video,sa maman note de regarder la video,False,unchanged
sait ou elle se trouve,sait ou elle se trouve,False,unchanged
sait ou elle se trouve+denome,sait ou elle se trouve+denome,False,unchanged
salle d'eau,salle d'eau,False,unchanged
salle d'eau : décharge,salle d'eau: décharge,True,auto-syntax
salle de bain,salle de bain,False,unchanged
salle de douche,salle de douche,False,unchanged
salve de pointes,salve de pointes,False,unchanged
salve de pointes post G,salve de pointes post g,True,auto-syntax
salve de pointes pot g,salve de pointes pot g,False,unchanged
salve de pointes à droite,salve de pointes à droite,False,unchanged
sanglots,sanglots,False,unchanged
sat 69%,sat 69%,False,unchanged
sat 77%,sat 77%,False,unchanged
sat 81%,sat 81%,False,unchanged
scintillement,scintillement,False,unchanged
scintillement blanc oeil g,scintillement blanc oeil g,False,unchanged
sdb,sdb,False,unchanged
se brosse les dents,se brosse les dents,False,unchanged
se cogne le coude G,se cogne le coude g,True,auto-syntax
se couche,se couche,False,unchanged
se crispe râle,se crispe râle,False,unchanged
se fige,se fige,False,unchanged
se fige ites,se fige ites,False,unchanged
se fige pe un peu à la vidéo?,se fige pe un peu à la vidéo?,False,unchanged
se froote l'oei g,se froote l'oei g,False,unchanged
se froote les yeux e G,se froote les yeux e g,True,auto-syntax
se frootte les yeux,se frootte les yeux,False,unchanged
se frotte l'OG,se frotte l'og,True,auto-syntax
se frotte l'hémiface G,se frotte l'hémiface g,True,auto-syntax
se frotte l'oeil,se frotte l'oeil,False,unchanged
se frotte l'oeil G,se frotte l'oeil g,True,auto-syntax
se frotte l'oeil droit,se frotte l'oeil droit,False,unchanged
se frotte l'oreille gauche,se frotte l'oreille gauche,False,unchanged
se frotte le nez,se frotte le nez,False,unchanged
se frotte le nez il,se frotte le nez il,False,unchanged
se frotte le visage,se frotte le visage,False,unchanged
se frotte les yeux,se frotte les yeux,False,unchanged
se frotte les yeux et s'étire,se frotte les yeux et s'étire,False,unchanged
se frotte yeux,se frotte yeux,False,unchanged
se grate,se grate,False,unchanged
se gratte,se gratte,False,unchanged
se gratte 0 sec,se gratte 0 sec,False,unchanged
se gratte baille,se gratte baille,False,unchanged
se gratte c,se gratte c,False,unchanged
se gratte e + yo,se gratte e + yo,False,unchanged
se gratte et bouge,se gratte et bouge,False,unchanged
se gratte ient 1,se gratte ient 1,False,unchanged
se gratte le nez,se gratte le nez,False,unchanged
se gratte le visage,se gratte le visage,False,unchanged
se gratte ras,se gratte ras,False,unchanged
se gratte visage,se gratte visage,False,unchanged
se gratte ête,se gratte ête,False,unchanged
se grtatte,se grtatte,False,unchanged
se gtratte,se gtratte,False,unchanged
se leve,se leve,False,unchanged
se leve ents main g,se leve ents main g,False,unchanged
se lève,se lève,False,unchanged
se léve,se léve,False,unchanged
se met à taper des mains,se met à taper des mains,False,unchanged
se mouche,se mouche,False,unchanged
se olève avec difficultés,se olève avec difficultés,False,unchanged
se plaind de douleur coeur,se plaind de douleur coeur,False,unchanged
se plaint d avoir douleur abdo,se plaint d avoir douleur abdo,False,unchanged
se plaint de courbatures bras dt et jam,se plaint de courbatures bras dt et jam,False,unchanged
se plaint de céphalées ant dte,se plaint de céphalées ant dte,False,unchanged
se plaint de nausées,se plaint de nausées,False,unchanged
se pourlèche,se pourlèche,False,unchanged
se pourlèche les lèvres,se pourlèche les lèvres,False,unchanged
se recouche,se recouche,False,unchanged
se recouche sur le ventre,se recouche sur le ventre,False,unchanged
se recouvre,se recouvre,False,unchanged
se redresse,se redresse,False,unchanged
se redresse avec aide,se redresse avec aide,False,unchanged
se redresse dans le lit,se redresse dans le lit,False,unchanged
se redresse et allume lumière involontai,se redresse et allume lumière involontai,False,unchanged
se redresse et bouge,se redresse et bouge,False,unchanged
se rendors,se rendors,False,unchanged
se rendort,se rendort,False,unchanged
se retourne,se retourne,False,unchanged
se retourne dans le lit,se retourne dans le lit,False,unchanged
se retourne et tousse,se retourne et tousse,False,unchanged
se reveille,se reveille,False,unchanged
se réveiile,se réveiile,False,unchanged
se réveil et parle,se réveil et parle,False,unchanged
se réveil suite morsure de levre,se réveil suite morsure de levre,False,unchanged
se réveille,se réveille,False,unchanged
"se révéille, se gratte","se révéille, se gratte",False,unchanged
se sent confuse,se sent confuse,False,unchanged
se souvient de son RDV IRM du lendemain,se souvient de son rdv irm du lendemain,True,auto-syntax
se souvient pas du retrait de la table,se souvient pas du retrait de la table,False,unchanged
se souvient qu'il est de nante,se souvient qu'il est de nante,False,unchanged
se tiens les yeux,se tiens les yeux,False,unchanged
se tient bras dt,se tient bras dt,False,unchanged
se tient la tête,se tient la tête,False,unchanged
se tient le front avec main D,se tient le front avec main d,True,auto-syntax
se tient les yeux,se tient les yeux,False,unchanged
se tientbl'oeil G,se tientbl'oeil g,True,auto-syntax
se tourne,se tourne,False,unchanged
seance de méditation,seance de méditation,False,unchanged
seance meditation,seance meditation,False,unchanged
sebsation qui augmente,sebsation qui augmente,False,unchanged
secopusse =>porte qui claque,secopusse =>porte qui claque,False,unchanged
secosse MSD,secosse msd,True,auto-syntax
secouse MSG,secouse msg,True,auto-syntax
secousse,secousse,False,unchanged
secousse MIG,secousse mig,True,auto-syntax
secousse MS G couchée sur la droite,secousse ms g couchée sur la droite,True,auto-syntax
secousse MSD,secousse msd,True,auto-syntax
secousse MSG,secousse msg,True,auto-syntax
secousse MSG G,secousse msg g,True,auto-syntax
secousse MSG et torse,secousse msg et torse,True,auto-syntax
secousse Main Dte,secousse main dte,True,auto-syntax
secousse MsD,secousse msd,True,auto-syntax
secousse bras g cte main dt,secousse bras g cte main dt,False,unchanged
secousse bras gche,secousse bras gche,False,unchanged
secousse cuisse G,secousse cuisse g,True,auto-syntax
secousse de la tête,secousse de la tête,False,unchanged
secousse liée au bruit,secousse liée au bruit,False,unchanged
secousse mSg,secousse msg,True,auto-syntax
secousse main G,secousse main g,True,auto-syntax
secousse main d,secousse main d,False,unchanged
secousse main droite,secousse main droite,False,unchanged
secousse main dt,secousse main dt,False,unchanged
secousse main dte,secousse main dte,False,unchanged
secousse main dte + oeil dt,secousse main dte + oeil dt,False,unchanged
secousse membre sup gauche,secousse membre sup gauche,False,unchanged
secousse msd,secousse msd,False,unchanged
secousse tete,secousse tete,False,unchanged
secousse tête,secousse tête,False,unchanged
secousses,secousses,False,unchanged
secousses MID,secousses mid,True,auto-syntax
secousses MS,secousses ms,True,auto-syntax
secousses MSD,secousses msd,True,auto-syntax
secousses MSD tion tête à G,secousses msd tion tête à g,True,auto-syntax
secoussse MSG,secoussse msg,True,auto-syntax
secouuse,secouuse,False,unchanged
sefrotte le nez,sefrotte le nez,False,unchanged
semble avoir le corps qui se contracte,semble avoir le corps qui se contracte,False,unchanged
semble avoir un balancement,semble avoir un balancement,False,unchanged
semble revenir à la normale cliniquement,semble revenir à la normale cliniquement,False,unchanged
semble stoppé son activité,semble stoppé son activité,False,unchanged
sens de fourmillement au niveau du nez,sens de fourmillement au niveau du nez,False,unchanged
sens. d'être bloquée dans son corps,sens. d'être bloquée dans son corps,False,unchanged
sens. estomac noué,sens. estomac noué,False,unchanged
sensa de spasme ds gorge (crise type 2),sensa de spasme ds gorge (crise type 2),False,unchanged
sensat. contraction cuisse dt,sensat. contraction cuisse dt,False,unchanged
sensat. contraction des muscles,sensat. contraction des muscles,False,unchanged
sensat. cuisse dt disparue,sensat. cuisse dt disparue,False,unchanged
sensat. doigts diminue,sensat. doigts diminue,False,unchanged
sensation,sensation,False,unchanged
sensation (hors camera wc),sensation (hors camera wc),False,unchanged
sensation a gch non habituel des crises,sensation a gch non habituel des crises,False,unchanged
sensation absence avant alarme,sensation absence avant alarme,False,unchanged
sensation arcade gch,sensation arcade gch,False,unchanged
sensation au bas du ventre,sensation au bas du ventre,False,unchanged
sensation au ventre,sensation au ventre,False,unchanged
sensation auille au milieu de la tete,sensation auille au milieu de la tete,False,unchanged
sensation bas du ventre,sensation bas du ventre,False,unchanged
sensation bas ventre,sensation bas ventre,False,unchanged
sensation battement mollet droit ts gch,sensation battement mollet droit ts gch,False,unchanged
sensation bizarre,sensation bizarre,False,unchanged
sensation bouche et coté droit,sensation bouche et coté droit,False,unchanged
sensation bras droit + contracté que G,sensation bras droit + contracté que g,True,auto-syntax
sensation bras dt,sensation bras dt,False,unchanged
sensation chaleur,sensation chaleur,False,unchanged
sensation chaleur bras dt,sensation chaleur bras dt,False,unchanged
sensation chaleur msd,sensation chaleur msd,False,unchanged
sensation chaleur pied,sensation chaleur pied,False,unchanged
sensation clonies+absenc,sensation clonies+absenc,False,unchanged
sensation comme crise,sensation comme crise,False,unchanged
sensation courant electrique doigts gch,sensation courant electrique doigts gch,False,unchanged
sensation crise,sensation crise,False,unchanged
sensation d'egourdissement MSG et MIG,sensation d'egourdissement msg et mig,True,auto-syntax
sensation d'yeux qui tremblent,sensation d'yeux qui tremblent,False,unchanged
sensation dans la cage thoracique,sensation dans la cage thoracique,False,unchanged
sensation dans la machoire,sensation dans la machoire,False,unchanged
sensation dans la tete posterio,sensation dans la tete posterio,False,unchanged
sensation dans tout le corps,sensation dans tout le corps,False,unchanged
"sensation de ""crâne bouillant""","sensation de ""crâne bouillant""",False,unchanged
"sensation de ""rire nerveux""","sensation de ""rire nerveux""",False,unchanged
sensation de BOUCHE QUI TIRE ?,sensation de bouche qui tire?,True,auto-syntax
sensation de bouffées de chaleur,sensation de bouffées de chaleur,False,unchanged
sensation de chaleur,sensation de chaleur,False,unchanged
sensation de chaleur au niveau du msd,sensation de chaleur au niveau du msd,False,unchanged
sensation de chaud,sensation de chaud,False,unchanged
sensation de chaud a gche de la tete,sensation de chaud a gche de la tete,False,unchanged
sensation de chaud de la tete au bras,sensation de chaud de la tete au bras,False,unchanged
sensation de chaud du dessus de la tete,sensation de chaud du dessus de la tete,False,unchanged
sensation de contracter la machoire,sensation de contracter la machoire,False,unchanged
sensation de crise,sensation de crise,False,unchanged
sensation de crise 2,sensation de crise 2,False,unchanged
sensation de crise habituelle,sensation de crise habituelle,False,unchanged
sensation de crispation au ventre,sensation de crispation au ventre,False,unchanged
sensation de deja vu,sensation de deja vu,False,unchanged
sensation de dèjâ vu,sensation de dèjâ vu,False,unchanged
sensation de début de crise avec chaleur,sensation de début de crise avec chaleur,False,unchanged
sensation de décharge dans le MSD,sensation de décharge dans le msd,True,auto-syntax
sensation de fatigue,sensation de fatigue,False,unchanged
sensation de flottement,sensation de flottement,False,unchanged
sensation de fourmillements aux bras,sensation de fourmillements aux bras,False,unchanged
sensation de froid a droite moins forte,sensation de froid a droite moins forte,False,unchanged
sensation de froid dans le bras droit,sensation de froid dans le bras droit,False,unchanged
sensation de la tête qui tourne,sensation de la tête qui tourne,False,unchanged
sensation de mal au ventre,sensation de mal au ventre,False,unchanged
sensation de mal de ventre,sensation de mal de ventre,False,unchanged
sensation de palapitations ITATIONS ET,sensation de palapitations itations et,True,auto-syntax
sensation de palpitation,sensation de palpitation,False,unchanged
sensation de paresthésie de l'hémiface,sensation de paresthésie de l'hémiface,False,unchanged
sensation de perdre le contrôle,sensation de perdre le contrôle,False,unchanged
sensation de pesanteur épigastrique,sensation de pesanteur épigastrique,False,unchanged
sensation de picotement bouche++,sensation de picotement bouche+,True,auto-syntax
sensation de picotements sur le corps,sensation de picotements sur le corps,False,unchanged
sensation de plus en plus forte,sensation de plus en plus forte,False,unchanged
sensation de tete qui tourne,sensation de tete qui tourne,False,unchanged
sensation de tomber dans le vide,sensation de tomber dans le vide,False,unchanged
sensation decharge electrique tete dte,sensation decharge electrique tete dte,False,unchanged
sensation diminue,sensation diminue,False,unchanged
sensation du ventre,sensation du ventre,False,unchanged
sensation début de crise,sensation début de crise,False,unchanged
sensation electrique brève et legére,sensation electrique brève et legére,False,unchanged
sensation electrique droite bouche,sensation electrique droite bouche,False,unchanged
sensation electrique toujours partout,sensation electrique toujours partout,False,unchanged
sensation electriques toujours presente,sensation electriques toujours presente,False,unchanged
sensation en amélioration,sensation en amélioration,False,unchanged
sensation est passée,sensation est passée,False,unchanged
sensation estomac terminée,sensation estomac terminée,False,unchanged
sensation fourmillement main droite,sensation fourmillement main droite,False,unchanged
sensation fourmillements,sensation fourmillements,False,unchanged
"sensation frémissement, tête qui tourne","sensation frémissement, tête qui tourne",False,unchanged
sensation genou droit,sensation genou droit,False,unchanged
sensation genou gch,sensation genou gch,False,unchanged
sensation gorge =>thorax,sensation gorge =>thorax,False,unchanged
sensation hanche droite electrique touj,sensation hanche droite electrique touj,False,unchanged
sensation hemicorp droit,sensation hemicorp droit,False,unchanged
sensation jambe dte+ tête,sensation jambe dte+ tête,False,unchanged
sensation machoire,sensation machoire,False,unchanged
sensation main dte,sensation main dte,False,unchanged
sensation main moites,sensation main moites,False,unchanged
sensation mains moites,sensation mains moites,False,unchanged
sensation memrbe coeur,sensation memrbe coeur,False,unchanged
sensation moins forte,sensation moins forte,False,unchanged
sensation msd,sensation msd,False,unchanged
sensation mycolonie bras jambes tête,sensation mycolonie bras jambes tête,False,unchanged
sensation parsthesie ras eeg,sensation parsthesie ras eeg,False,unchanged
sensation partout dans le visage elle,sensation partout dans le visage elle,False,unchanged
sensation pas pire mais tjr presente,sensation pas pire mais tjr presente,False,unchanged
sensation persiste mais très très léger,sensation persiste mais très très léger,False,unchanged
sensation persiste un peu,sensation persiste un peu,False,unchanged
sensation perte d'équilibre,sensation perte d'équilibre,False,unchanged
sensation presente,sensation presente,False,unchanged
sensation que l on appuie cote tete dt,sensation que l on appuie cote tete dt,False,unchanged
sensation qui reste localisée,sensation qui reste localisée,False,unchanged
sensation remonte à la tete,sensation remonte à la tete,False,unchanged
sensation révulsion oculaires,sensation révulsion oculaires,False,unchanged
sensation secousse+accélération cardiaq,sensation secousse+accélération cardiaq,False,unchanged
sensation spasme jambe droite,sensation spasme jambe droite,False,unchanged
sensation sur 2 phalanges main gauche,sensation sur 2 phalanges main gauche,False,unchanged
sensation tete /sensatiovisage crispee,sensation tete /sensatiovisage crispee,False,unchanged
sensation tete tourne,sensation tete tourne,False,unchanged
sensation thoracique?,sensation thoracique?,False,unchanged
sensation toujours présente et identiqu,sensation toujours présente et identiqu,False,unchanged
sensation toujours présente mais moins,sensation toujours présente mais moins,False,unchanged
sensation toute la bouche,sensation toute la bouche,False,unchanged
sensation tres legere,sensation tres legere,False,unchanged
sensation une décharge électrique tête,sensation une décharge électrique tête,False,unchanged
sensation ventre,sensation ventre,False,unchanged
sensation vertige+nausées,sensation vertige+nausées,False,unchanged
sensation vertigineuse,sensation vertigineuse,False,unchanged
sensation vhaleur,sensation vhaleur,False,unchanged
sensation visuelle,sensation visuelle,False,unchanged
sensation à type de petite crise,sensation à type de petite crise,False,unchanged
sensation éléctrique :pouce et index,sensation éléctrique:pouce et index,True,auto-syntax
sensation épigatrique,sensation épigatrique,False,unchanged
sensations,sensations,False,unchanged
sensations electrique dans toute la mac,sensations electrique dans toute la mac,False,unchanged
sensations toujours présentent,sensations toujours présentent,False,unchanged
sensaton de fourmillements bras et jamb,sensaton de fourmillements bras et jamb,False,unchanged
sensibilité commence à redevenir normale,sensibilité commence à redevenir normale,False,unchanged
senstaion de pied chaud,senstaion de pied chaud,False,unchanged
sent de maniere identique bras gche/droi,sent de maniere identique bras gche/droi,False,unchanged
sent qu'elle a la tête qui tourne,sent qu'elle a la tête qui tourne,False,unchanged
sent que la crise s'éloigne un peu,sent que la crise s'éloigne un peu,False,unchanged
sent quelque chose,sent quelque chose,False,unchanged
sent sa langue lourde,sent sa langue lourde,False,unchanged
sent ses pieds bouger,sent ses pieds bouger,False,unchanged
sent une crise arriver qu'il signale,sent une crise arriver qu'il signale,False,unchanged
sequence de pointes rythmiques,sequence de pointes rythmiques,False,unchanged
sequence prolongée pointe,sequence prolongée pointe,False,unchanged
serre bien les mains,serre bien les mains,False,unchanged
serre dents,serre dents,False,unchanged
serre la main,serre la main,False,unchanged
serre la main D et G,serre la main d et g,True,auto-syntax
serre la main droite,serre la main droite,False,unchanged
serre la main droite seulement,serre la main droite seulement,False,unchanged
serre les 2 mains,serre les 2 mains,False,unchanged
serre les mains,serre les mains,False,unchanged
serre les mains pareil des 2 cotés,serre les mains pareil des 2 cotés,False,unchanged
serre les poings,serre les poings,False,unchanged
serre main,serre main,False,unchanged
serre mains et le tend -ras de sentit,serre mains et le tend ras de sentit,True,auto-syntax
sieste,sieste,False,unchanged
sieste HPN impossible,sieste hpn impossible,True,auto-syntax
sieste post hPN,sieste post hpn,True,auto-syntax
signale,signale,False,unchanged
signale avoir eu des hallucinations,signale avoir eu des hallucinations,False,unchanged
signale des céphalées,signale des céphalées,False,unchanged
signale des vertiges,signale des vertiges,False,unchanged
signale la crise,signale la crise,False,unchanged
signale la fin,signale la fin,False,unchanged
signale pouls qui s'accélère,signale pouls qui s'accélère,False,unchanged
"signale qu'elle fait une ""crise""","signale qu'elle fait une ""crise""",False,unchanged
signale qu'il va faire une crise,signale qu'il va faire une crise,False,unchanged
signale que en train de faire crise,signale que en train de faire crise,False,unchanged
signale sa crise,signale sa crise,False,unchanged
signale sa crise à l'infirmière,signale sa crise à l'infirmière,False,unchanged
signale un débur de crise,signale un débur de crise,False,unchanged
signale un début de crise,signale un début de crise,False,unchanged
signale un gout de sang ds la bouche,signale un gout de sang ds la bouche,False,unchanged
signale un malaise,signale un malaise,False,unchanged
"signale une ""crise""","signale une ""crise""",False,unchanged
signale une aura,signale une aura,False,unchanged
signale une aura= RAS,signale une aura= ras,True,auto-syntax
signale une crise,signale une crise,False,unchanged
signale une sensation,signale une sensation,False,unchanged
signale à l'AS avoir fait une crise,signale à l'as avoir fait une crise,True,auto-syntax
signalé par le papa,signalé par le papa,False,unchanged
signalé sensation de chaleur,signalé sensation de chaleur,False,unchanged
sli,sli,False,unchanged
someil lent stade N3,someil lent stade n3,True,auto-syntax
sommeil,sommeil,False,unchanged
sommeil REM,sommeil rem,True,auto-syntax
sommeil ce,sommeil ce,False,unchanged
sommeil l,sommeil l,False,unchanged
sommeil lent profond,sommeil lent profond,False,unchanged
sommeil paradoxal,sommeil paradoxal,False,unchanged
sommeil phyhsio?,sommeil phyhsio?,False,unchanged
sommeil plsu profond,sommeil plsu profond,False,unchanged
sommeil profond?,sommeil profond?,False,unchanged
sommeil?,sommeil?,False,unchanged
sommnolence legere,sommnolence legere,False,unchanged
somnoelnce?,somnoelnce?,False,unchanged
somnole,somnole,False,unchanged
somnole anomalies,somnole anomalies,False,unchanged
somnole devant la TV,somnole devant la tv,True,auto-syntax
somnole?,somnole?,False,unchanged
somnolence,somnolence,False,unchanged
somnolence?,somnolence?,False,unchanged
sonne,sonne,False,unchanged
sonne pour signaler sensation de crise,sonne pour signaler sensation de crise,False,unchanged
sonne pour signaler une crise,sonne pour signaler une crise,False,unchanged
sonne s commissure labiale G,sonne s commissure labiale g,True,auto-syntax
sont dû au manque d'activité physique,sont dû au manque d'activité physique,False,unchanged
souffle,souffle,False,unchanged
sourire,sourire,False,unchanged
souris,souris,False,unchanged
souvent quand elle pleure pas de crise,souvent quand elle pleure pas de crise,False,unchanged
spasme,spasme,False,unchanged
spasme dans les muscles,spasme dans les muscles,False,unchanged
spasme e MSD,spasme e msd,True,auto-syntax
spasme ie,spasme ie,False,unchanged
spasme jambe dte,spasme jambe dte,False,unchanged
spasme m,spasme m,False,unchanged
spasme épaule G? voir vidéo,spasme épaule g? voir vidéo,True,auto-syntax
spasmes des doigts main gch,spasmes des doigts main gch,False,unchanged
spasmes doigts main gch,spasmes doigts main gch,False,unchanged
spasmes main dte,spasmes main dte,False,unchanged
spasmes orteils pied gh,spasmes orteils pied gh,False,unchanged
spasmes pied,spasmes pied,False,unchanged
spasmes pied gch,spasmes pied gch,False,unchanged
spasmes épaule gche,spasmes épaule gche,False,unchanged
spindles,spindles,False,unchanged
spindles asymétriques,spindles asymétriques,False,unchanged
spndles,spndles,False,unchanged
sport,sport,False,unchanged
sqensation electrique tout cote droit,sqensation electrique tout cote droit,False,unchanged
stop ce mouvement,stop ce mouvement,False,unchanged
stop crise,stop crise,False,unchanged
stop déviation,stop déviation,False,unchanged
stop mozart,stop mozart,False,unchanged
stop techno,stop techno,False,unchanged
succession de pointes,succession de pointes,False,unchanged
succession de ruptures de contact,succession de ruptures de contact,False,unchanged
suit bien du regard,suit bien du regard,False,unchanged
suit du regard,suit du regard,False,unchanged
suite SLI,suite sli,True,auto-syntax
suite crise type chute,suite crise type chute,False,unchanged
suite interogatoire,suite interogatoire,False,unchanged
suite interrogatoire 2,suite interrogatoire 2,False,unchanged
suite interrogatoire 3,suite interrogatoire 3,False,unchanged
sur son portable,sur son portable,False,unchanged
sur son téléphne,sur son téléphne,False,unchanged
sur son téléphone,sur son téléphone,False,unchanged
suraut,suraut,False,unchanged
sureleve main g,sureleve main g,False,unchanged
sursaut,sursaut,False,unchanged
sursaut 0 c te vers la droite,sursaut 0 c te vers la droite,False,unchanged
sursaut 1,sursaut 1,False,unchanged
sursaut bras droit,sursaut bras droit,False,unchanged
sursaut de tout le corp roite,sursaut de tout le corp roite,False,unchanged
sursaut de tout le corps,sursaut de tout le corps,False,unchanged
sursaut du buste,sursaut du buste,False,unchanged
sursaut du corps,sursaut du corps,False,unchanged
sursaut ec,sursaut ec,False,unchanged
sursaut ec es pieds,sursaut ec es pieds,False,unchanged
sursaut et MS vers l'avant,sursaut et ms vers l'avant,True,auto-syntax
sursaut petit,sursaut petit,False,unchanged
sursaut? spasme?myoclonie?,sursaut? spasme?myoclonie?,False,unchanged
sursaute,sursaute,False,unchanged
sursauts,sursauts,False,unchanged
surtout pouce droit,surtout pouce droit,False,unchanged
séquence OL,séquence ol,True,auto-syntax
séquence de MO,séquence de mo,True,auto-syntax
séquence de pointes,séquence de pointes,False,unchanged
séquence de pointes D,séquence de pointes d,True,auto-syntax
séquence de pointes rythm D,séquence de pointes rythm d,True,auto-syntax
séquence de pointes rythmiques,séquence de pointes rythmiques,False,unchanged
séquence depointes rythmiques,séquence depointes rythmiques,False,unchanged
séquence plus rythmique,séquence plus rythmique,False,unchanged
séquence pointes rythmiques,séquence pointes rythmiques,False,unchanged
séquence pointes rythmiques D,séquence pointes rythmiques d,True,auto-syntax
séquence périodique,séquence périodique,False,unchanged
séquences de pointes,séquences de pointes,False,unchanged
t,t,False,unchanged
t enrhumée ++,t enrhumée +,True,auto-syntax
t3,t3,False,unchanged
t5,t5,False,unchanged
tachycardie,tachycardie,False,unchanged
tapping,tapping,False,unchanged
td,td,False,unchanged
telephone,telephone,False,unchanged
telephone sonne,telephone sonne,False,unchanged
temp-pariétal G,temp pariétal g,True,auto-syntax
temporal D,temporal d,True,auto-syntax
temporal G,temporal g,True,auto-syntax
temporal bilat?,temporal bilat?,False,unchanged
temporal g,temporal g,False,unchanged
temporal gauche???,temporal gauche?,True,auto-syntax
temporo pariétal D,temporo pariétal d,True,auto-syntax
temps calme,temps calme,False,unchanged
temps calme sec,temps calme sec,False,unchanged
tend le MSG,tend le msg,True,auto-syntax
tend les MI,tend les mi,True,auto-syntax
tend les bras,tend les bras,False,unchanged
tentative surprise,tentative surprise,False,unchanged
test,test,False,unchanged
test capteur de sat,test capteur de sat,False,unchanged
test du rythme mu,test du rythme mu,False,unchanged
test lumiere: myoclonies corps+ visage,test lumiere: myoclonies corps+ visage,False,unchanged
test lumière => myclonies des ms,test lumière => myclonies des ms,False,unchanged
test lumière:myclonie+incapacité parler,test lumière:myclonie+incapacité parler,False,unchanged
test moteur,test moteur,False,unchanged
test sat sur technicienne,test sat sur technicienne,False,unchanged
test tonus,test tonus,False,unchanged
tete qui tourne,tete qui tourne,False,unchanged
tg,tg,False,unchanged
theta,theta,False,unchanged
theta rythmique,theta rythmique,False,unchanged
theta rythmique sur Cz?,theta rythmique sur cz?,True,auto-syntax
theta rythmique à droite?????,theta rythmique à droite?,True,auto-syntax
theta rythmique?,theta rythmique?,False,unchanged
théta t g,théta t g,False,unchanged
thêta,thêta,False,unchanged
thêta rythmique,thêta rythmique,False,unchanged
tient tjs son portable,tient tjs son portable,False,unchanged
tire la langue,tire la langue,False,unchanged
"tjs de dos, manipule ...","tjs de dos, manipule.",True,auto-syntax
tjs douleur a dte derriere,tjs douleur a dte derriere,False,unchanged
tjs légers vertiges,tjs légers vertiges,False,unchanged
tjs pesanteur épigastrique mais -forte,tjs pesanteur épigastrique mais forte,True,auto-syntax
toilette,toilette,False,unchanged
toilette au lit,toilette au lit,False,unchanged
tombe sur le côté droit,tombe sur le côté droit,False,unchanged
touche fils,touche fils,False,unchanged
touche la bouche d ela main droite,touche la bouche d ela main droite,False,unchanged
touché main dte non agréable dte et gch,touché main dte non agréable dte et gch,False,unchanged
toujours des vertiges,toujours des vertiges,False,unchanged
toujours scintillement,toujours scintillement,False,unchanged
tourne brièvement tête à D,tourne brièvement tête à d,True,auto-syntax
tourne la tête,tourne la tête,False,unchanged
tourne la tête : hallu?,tourne la tête: hallu?,True,auto-syntax
tourne un peu tete vers la D,tourne un peu tete vers la d,True,auto-syntax
touse,touse,False,unchanged
tousse,tousse,False,unchanged
tousse N,tousse n,True,auto-syntax
tousse e Main Dte,tousse e main dte,True,auto-syntax
tousse ent,tousse ent,False,unchanged
tousse sec,tousse sec,False,unchanged
tousse te,tousse te,False,unchanged
tousse éveil ? avoir fait une crise,tousse éveil? avoir fait une crise,True,auto-syntax
tout comme début de crises,tout comme début de crises,False,unchanged
tout comme un début de crise,tout comme un début de crise,False,unchanged
toux,toux,False,unchanged
tp9 verifiée,tp9 verifiée,False,unchanged
tracé à voir MYO BIEN VISIBLES,tracé à voir myo bien visibles,True,auto-syntax
train de pointes vertex,train de pointes vertex,False,unchanged
trembl du pied,trembl du pied,False,unchanged
tremblement,tremblement,False,unchanged
tremblement MIG,tremblement mig,True,auto-syntax
tremblement du pied droit,tremblement du pied droit,False,unchanged
tremblement tout le corps interne,tremblement tout le corps interne,False,unchanged
tremblements,tremblements,False,unchanged
tremblements MI,tremblements mi,True,auto-syntax
tremblements MIG,tremblements mig,True,auto-syntax
tremblemnts MIG,tremblemnts mig,True,auto-syntax
tres faible à peine senti,tres faible à peine senti,False,unchanged
tres legere sensation ds le corps,tres legere sensation ds le corps,False,unchanged
tressautement dans le genoux gche,tressautement dans le genoux gche,False,unchanged
tressautement genou gch,tressautement genou gch,False,unchanged
tressautement genou gch pareil,tressautement genou gch pareil,False,unchanged
tronc tourne vers la D,tronc tourne vers la d,True,auto-syntax
trouble phasique d'expression /compréhen,trouble phasique d'expression /compréhen,False,unchanged
très angoissée,très angoissée,False,unchanged
très nombreuses P et OL à D,très nombreuses p et ol à d,True,auto-syntax
très nombreuses bouffées de PO diffuses,très nombreuses bouffées de po diffuses,True,auto-syntax
trémulation MID,trémulation mid,True,auto-syntax
tt rythmique,tt rythmique,False,unchanged
tt rytmique,tt rytmique,False,unchanged
ttremblement Ms majoré à G,ttremblement ms majoré à g,True,auto-syntax
tête est tournée à D,tête est tournée à d,True,auto-syntax
tête qui tourne,tête qui tourne,False,unchanged
tête qui tourne et sursaut,tête qui tourne et sursaut,False,unchanged
tête à droite,tête à droite,False,unchanged
tête à gche + yo,tête à gche + yo,False,unchanged
têtha,têtha,False,unchanged
têtière utiliséé n°04-60,têtière utiliséé n°04 60,True,auto-syntax
un mouvement,un mouvement,False,unchanged
un peu + lent,un peu + lent,False,unchanged
un peu la tête qui tourne,un peu la tête qui tourne,False,unchanged
un peu plus aigu sur P4O2,un peu plus aigu sur p4o2,True,auto-syntax
un peu plus aigu à droite et en central,un peu plus aigu à droite et en central,False,unchanged
une PO,une po,True,auto-syntax
urbanyl 10,urbanyl 10,False,unchanged
urbanyl 10mg donné,urbanyl 10mg donné,False,unchanged
urbanyl 5 mg donné,urbanyl 5 mg donné,False,unchanged
utilise encore son téléphone puis stop,utilise encore son téléphone puis stop,False,unchanged
va bien,va bien,False,unchanged
veille,veille,False,unchanged
veille YO,veille yo,True,auto-syntax
veille YO ondes lambda?,veille yo ondes lambda?,True,auto-syntax
veille avec qqs troiubles,veille avec qqs troiubles,False,unchanged
veille y feremes,veille y feremes,False,unchanged
veille yf,veille yf,False,unchanged
verre,verre,False,unchanged
version tête vers la G,version tête vers la g,True,auto-syntax
version à G,version à g,True,auto-syntax
veut se lever,veut se lever,False,unchanged
vidéo indisponible,vidéo indisponible,False,unchanged
visage se fige,visage se fige,False,unchanged
vision plafond double,vision plafond double,False,unchanged
vocalisation,vocalisation,False,unchanged
vocalisations + mouvement bassin,vocalisations + mouvement bassin,False,unchanged
voilà,voilà,False,unchanged
voilà ilà voilà,voilà ilà voilà,False,unchanged
"voilà ilà voilà ""","voilà ilà voilà """,False,unchanged
"voilà iàl voilà""","voilà iàl voilà""",False,unchanged
voilà voilà,voilà voilà,False,unchanged
voir,voir,False,unchanged
voir F4,voir f4,True,auto-syntax
voir F4C4,voir f4c4,True,auto-syntax
voir F7,voir f7,True,auto-syntax
voir F8,voir f8,True,auto-syntax
voir O1,voir o1,True,auto-syntax
voir O2,voir o2,True,auto-syntax
voir O2 mais probable artefact,voir o2 mais probable artefact,True,auto-syntax
voir OL aspect rythmique,voir ol aspect rythmique,True,auto-syntax
voir P3,voir p3,True,auto-syntax
voir T5,voir t5,True,auto-syntax
voir T6,voir t6,True,auto-syntax
voir T6 mais probable artefact,voir t6 mais probable artefact,True,auto-syntax
voir annotation,voir annotation,False,unchanged
voir aussi F10,voir aussi f10,True,auto-syntax
voir droite,voir droite,False,unchanged
voir en antérieur,voir en antérieur,False,unchanged
voir fronto temporal gauche,voir fronto temporal gauche,False,unchanged
voir ligne med et F3C3,voir ligne med et f3c3,True,auto-syntax
voir ligne mediane,voir ligne mediane,False,unchanged
voir ligne médiane et frontal gauche,voir ligne médiane et frontal gauche,False,unchanged
voir main D,voir main d,True,auto-syntax
voir mouvement tête,voir mouvement tête,False,unchanged
voir post bilat,voir post bilat,False,unchanged
voir temporal bilat,voir temporal bilat,False,unchanged
voir temporal droit,voir temporal droit,False,unchanged
voir temporal gauche,voir temporal gauche,False,unchanged
voir vidéo,voir vidéo,False,unchanged
voir vidéo?,voir vidéo?,False,unchanged
voir yeux,voir yeux,False,unchanged
voir yeux A VOIR +++,voir yeux a voir +,True,auto-syntax
voir yeux clign palpebraux,voir yeux clign palpebraux,False,unchanged
voir §§§§§,voir ,True,auto-syntax
voir à droite,voir à droite,False,unchanged
voit de la lumiere,voit de la lumiere,False,unchanged
voit flash g,voit flash g,False,unchanged
voit pas a dt,voit pas a dt,False,unchanged
voit un clignotement blanc on,voit un clignotement blanc on,False,unchanged
vérification électrodes,vérification électrodes,False,unchanged
vérifications des branchements : RAS,vérifications des branchements: ras,True,auto-syntax
ws,ws,False,unchanged
x,x,False,unchanged
yO,yo,True,auto-syntax
yYF,yyf,True,auto-syntax
yeux,yeux,False,unchanged
yeux 00h57 selon patiente,yeux 00h57 selon patiente,False,unchanged
yeux fermes,yeux fermes,False,unchanged
yeux fermés,yeux fermés,False,unchanged
yeux ouverts,yeux ouverts,False,unchanged
yeux tenus,yeux tenus,False,unchanged
yf,yf,False,unchanged
yf + temps calme,yf + temps calme,False,unchanged
yf / temps calme,yf / temps calme,False,unchanged
yf 240 sec,yf 240 sec,False,unchanged
yf HPN,yf hpn,True,auto-syntax
yf HPN sec va vomir,yf hpn sec va vomir,True,auto-syntax
yf e,yf e,False,unchanged
yf eil e bras g,yf eil e bras g,False,unchanged
yf entation spatio temporelle ok,yf entation spatio temporelle ok,False,unchanged
yf ephone sonne,yf ephone sonne,False,unchanged
yf er de coeur,yf er de coeur,False,unchanged
yf ffee,yf ffee,False,unchanged
yf fle,yf fle,False,unchanged
yf gnotement,yf gnotement,False,unchanged
yf gratte,yf gratte,False,unchanged
yf hz,yf hz,False,unchanged
yf le ras,yf le ras,False,unchanged
yf n HPN,yf n hpn,True,auto-syntax
yf re main,yf re main,False,unchanged
yf rme 1,yf rme 1,False,unchanged
yf rme 3,yf rme 3,False,unchanged
yf rme 4,yf rme 4,False,unchanged
yf s,yf s,False,unchanged
yf se,yf se,False,unchanged
yf sent le mal g,yf sent le mal g,False,unchanged
yf sse,yf sse,False,unchanged
yf t HPN 60 sec ngs,yf t hpn 60 sec ngs,True,auto-syntax
yf temps calme,yf temps calme,False,unchanged
yf ton patient 1,yf ton patient 1,False,unchanged
yf ton patient 2,yf ton patient 2,False,unchanged
yf vement main droite,yf vement main droite,False,unchanged
yf z,yf z,False,unchanged
yf ère,yf ère,False,unchanged
yf*,yf,True,auto-syntax
yg,yg,False,unchanged
yo,yo,False,unchanged
yo 20 sec,yo 20 sec,False,unchanged
yo 220 sec,yo 220 sec,False,unchanged
yo 260 sec,yo 260 sec,False,unchanged
yo 280 sec,yo 280 sec,False,unchanged
yo : lecture ge coté dt selon patient,yo: lecture ge coté dt selon patient,True,auto-syntax
yo ACHE MAIN D,yo ache main d,True,auto-syntax
yo HPN,yo hpn,True,auto-syntax
yo HPN sec,yo hpn sec,True,auto-syntax
yo HPN sec va vomir,yo hpn sec va vomir,True,auto-syntax
yo ephone sonne,yo ephone sonne,False,unchanged
yo ffée de pointes,yo ffée de pointes,False,unchanged
yo fin temps calme,yo fin temps calme,False,unchanged
yo fle,yo fle,False,unchanged
yo froote l'oei g,yo froote l'oei g,False,unchanged
yo ge,yo ge,False,unchanged
yo hz,yo hz,False,unchanged
yo lutit,yo lutit,False,unchanged
yo ne pour signaler sensation de crise,yo ne pour signaler sensation de crise,False,unchanged
yo nies MSG,yo nies msg,True,auto-syntax
yo plaint de courbatures bras dt et jam,yo plaint de courbatures bras dt et jam,False,unchanged
yo pond ras,yo pond ras,False,unchanged
yo rme 2,yo rme 2,False,unchanged
yo rme 6 arcade gch,yo rme 6 arcade gch,False,unchanged
yo réponds,yo réponds,False,unchanged
yo se,yo se,False,unchanged
yo sse,yo sse,False,unchanged
yo staion de pied chaud,yo staion de pied chaud,False,unchanged
yo t HPN 20 sec,yo t hpn 20 sec,True,auto-syntax
yo t HPN 40 sec,yo t hpn 40 sec,True,auto-syntax
yo t HPN 60 sec,yo t hpn 60 sec,True,auto-syntax
yo t HPN 60 sec electricité,yo t hpn 60 sec electricité,True,auto-syntax
yo ut de crise?,yo ut de crise?,False,unchanged
yo vements des 2 pieds,yo vements des 2 pieds,False,unchanged
yo x Ouverts,yo x ouverts,True,auto-syntax
yo z,yo z,False,unchanged
yo$,yo,True,auto-syntax
yo*,yo,True,auto-syntax
yo+ interrogatoire objet lieu et date -,yo+ interrogatoire objet lieu et date ,True,auto-syntax
yo+serre main d+g tend bras et denome,yo+serre main d+g tend bras et denome,False,unchanged
yoo,yoo,False,unchanged
yt,yt,False,unchanged
§,,True,auto-syntax
§ inte diffuse, inte diffuse,True,auto-syntax
§§,,True,auto-syntax
à Dte,à dte,True,auto-syntax
à G,à g,True,auto-syntax
à G me 2,à g me 2,True,auto-syntax
à G uche,à g uche,True,auto-syntax
à droite,à droite,False,unchanged
à garder,à garder,False,unchanged
à gauche,à gauche,False,unchanged
à gauche!,à gauche!,False,unchanged
à l'endroit de l'electrode Cz,à l'endroit de l'electrode cz,True,auto-syntax
à prendre,à prendre,False,unchanged
à prendre +++,à prendre +,True,auto-syntax
à vior,à vior,False,unchanged
à voir,à voir,False,unchanged
à voir !,à voir!,True,auto-syntax
à voir ?,à voir?,True,auto-syntax
à voir Crise?,à voir crise?,True,auto-syntax
à voir micro réveil,à voir micro réveil,False,unchanged
à voir nt du buste,à voir nt du buste,False,unchanged
à voir é rythmique,à voir é rythmique,False,unchanged
à voir éveil,à voir éveil,False,unchanged
à voir?,à voir?,False,unchanged
à voiur,à voiur,False,unchanged
à vor,à vor,False,unchanged
ça va?,ça va?,False,unchanged
ébauche complexe K,ébauche complexe k,True,auto-syntax
ébauche complexe K?,ébauche complexe k?,True,auto-syntax
ébauche complexe K? OL de somnolence?,ébauche complexe k? ol de somnolence?,True,auto-syntax
ébauche pointe vertex,ébauche pointe vertex,False,unchanged
ébauche pointes vertex,ébauche pointes vertex,False,unchanged
ébauche élévation MS,ébauche élévation ms,True,auto-syntax
ébauche élévation MSD,ébauche élévation msd,True,auto-syntax
écarquillement des yeux,écarquillement des yeux,False,unchanged
écoute des sons + lecture,écoute des sons + lecture,False,unchanged
élctrochoc + tremblement main dte,élctrochoc + tremblement main dte,False,unchanged
électrode vérifiée,électrode vérifiée,False,unchanged
élélévation des bras,élélévation des bras,False,unchanged
élévation MS,élévation ms,True,auto-syntax
élévation MSD,élévation msd,True,auto-syntax
élévation MSD en flexion.,élévation msd en flexion.,True,auto-syntax
élévation MSD puis MSG,élévation msd puis msg,True,auto-syntax
élévation MSG,élévation msg,True,auto-syntax
élévation MSG + déviation tete aG,élévation msg + déviation tete ag,True,auto-syntax
élévationdu MSG,élévationdu msg,True,auto-syntax
"émue, triste","émue, triste",False,unchanged
étend les membres supérieurs,étend les membres supérieurs,False,unchanged
éternue t de céphalées ant dte,éternue t de céphalées ant dte,False,unchanged
éveil,éveil,False,unchanged
éveil bouge,éveil bouge,False,unchanged
éveil ou crise ?,éveil ou crise?,True,auto-syntax
éveil sur douleur MID,éveil sur douleur mid,True,auto-syntax
éveil?,éveil?,False,unchanged
éveil? mais voir anomalies,éveil? mais voir anomalies,False,unchanged
éveil???,éveil?,True,auto-syntax
éveil?mais voir anomalies électriques,éveil?mais voir anomalies électriques,False,unchanged
éveillée,éveillée,False,unchanged
éveillée (vient de YF pour HPN),éveillée (vient de yf pour hpn),True,auto-syntax
évéil,évéil,False,unchanged
éxecute,éxecute,False,unchanged
éxécutz la consigne YF,éxécutz la consigne yf,True,auto-syntax
ù,ù,False,unchanged
